Galaxy,ID,Wesenheit Magnitude,Log Period,Relative Metallicity,Galaxy Code
M101,115287,22.0188,1.2540644529143379,0.4740000000000002,0
M101,136682,23.9118,0.72900270927219,0.4580000000000002,0
M101,148312,22.4371,1.0740846890282438,0.4529999999999994,0
M101,164932,22.498900000000003,1.17376882313665,0.4450000000000003,0
M101,121146,22.6888,1.0740846890282438,0.47600000000000087,0
M101,147959,23.3153,0.8899736384039961,0.4529999999999994,0
M101,157556,22.2142,1.4077307280263354,0.48799999999999955,0
M101,112715,23.3441,0.9123814989188004,0.4640000000000004,0
M101,126118,23.4499,0.8431704645198979,0.4689999999999994,0
M101,161621,23.377200000000002,1.159266331093494,0.4900000000000002,0
M101,148496,21.977,1.2407987711173312,0.48799999999999955,0
M101,159452,22.996,1.1209028176145273,0.488999999999999,0
M101,100993,22.7541,1.0666985504229953,0.41499999999999915,0
M101,157343,23.2317,0.9669860251179379,0.48499999999999943,0
M101,164618,21.6758,1.3326404103874625,0.47199999999999953,0
M101,159255,21.9912,1.1829849670035817,0.4920000000000009,0
M101,153182,21.966,1.2000292665537702,0.47600000000000087,0
M101,133176,22.3853,1.2357808703275603,0.4800000000000004,0
M101,12515,23.035899999999998,1.06707085604537,0.4120000000000008,0
M101,131897,22.5377,1.244771761495295,0.4659999999999993,0
M101,133966,22.845899999999997,1.1139433523068367,0.4800000000000004,0
M101,119836,22.7823,1.0629578340845103,0.4429999999999996,0
M101,123858,22.9171,1.146128035678238,0.47600000000000087,0
M101,134953,22.7459,1.126780577012009,0.47199999999999953,0
M101,101062,21.5685,1.4877038631637263,0.4670000000000005,0
M101,105242,22.256,1.2065560440990295,0.4689999999999994,0
M101,211559,22.0888,1.2873537727147466,0.5129999999999999,0
M101,175251,22.6377,1.0867156639448825,0.45899999999999963,0
M101,202156,23.5058,0.8791532461842462,0.4629999999999992,0
M101,211383,22.4528,1.1205739312058498,0.45399999999999885,0
M101,191757,22.9835,1.0704073217401198,0.5060000000000002,0
M101,192848,23.057599999999997,1.055378331375,0.4989999999999988,0
M101,190226,22.235899999999997,1.0203612826477078,0.4989999999999988,0
M101,206223,22.3168,1.316808752053022,0.4939999999999998,0
M101,208093,21.6373,1.388278863459639,0.4949999999999992,0
M101,193736,22.7342,1.245018870737753,0.504999999999999,0
M101,203452,22.573600000000003,1.0989896394011773,0.5090000000000003,0
M101,210917,22.2429,1.2920344359947364,0.4610000000000003,0
M101,17723,23.9294,0.7536596472859987,0.42799999999999905,0
M101,180634,20.9708,1.529173603261723,0.4870000000000001,0
M101,185748,22.540000000000003,1.0748164406451748,0.49799999999999933,0
M101,187438,22.6218,1.2372923375674587,0.4689999999999994,0
M101,196790,21.5829,1.276461804173244,0.44899999999999984,0
M101,186264,22.8112,1.000867721531227,0.4900000000000002,0
M101,194374,21.8295,1.3688445068258213,0.504999999999999,0
M101,174970,20.8432,1.6618126855372612,0.48499999999999943,0
M101,178794,22.282500000000002,1.1789769472931695,0.5009999999999994,0
M101,209367,22.3279,1.2322335211147337,0.5139999999999993,0
M101,203549,21.9088,1.110589710299249,0.5109999999999992,0
M101,192950,22.0476,1.1132746924643504,0.5030000000000001,0
M101,184108,21.9936,1.395850376018781,0.4740000000000002,0
M101,230395,22.8789,1.1931245983544616,0.4870000000000001,0
M101,227346,23.586499999999997,0.9621798529087678,0.4510000000000005,0
M101,246134,21.993399999999998,1.3342526423342307,0.5090000000000003,0
M101,221442,23.2076,0.998825819040286,0.47799999999999976,0
M101,248725,21.5016,1.4409090820652177,0.5109999999999992,0
M101,234711,21.703,1.436162647040756,0.5090000000000003,0
M101,220991,21.7319,1.5385737338068557,0.4580000000000002,0
M101,211924,21.459400000000002,1.5182506513085,0.4640000000000004,0
M101,214942,22.9724,1.070037866607755,0.4710000000000001,0
M101,227165,22.8011,1.0606978403536116,0.4800000000000004,0
M101,230803,22.089499999999997,1.0603200286882852,0.472999999999999,0
M101,226551,20.2595,1.8427340189482697,0.4900000000000002,0
M101,225028,21.5841,1.6035773681514667,0.49299999999999855,0
M101,220172,21.5985,1.5466660250701842,0.516,0
M101,221821,22.0313,1.3821972103774536,0.5169999999999995,0
M101,226297,22.9919,1.209515014542631,0.4529999999999994,0
M101,247555,21.8547,1.2990712600274095,0.5199999999999996,0
M101,235682,21.588900000000002,1.378216149749878,0.5239999999999991,0
M101,215047,22.1147,1.3147096929551738,0.488999999999999,0
M101,237220,21.566,1.424881636631067,0.527000000000001,0
M101,227057,22.7124,1.2008504980910775,0.49299999999999855,0
M101,221683,22.0636,1.2973227142053025,0.4969999999999999,0
M101,229119,21.5595,1.511749711344983,0.5020000000000007,0
M101,233739,22.540000000000003,1.1758016328482794,0.5099999999999998,0
M101,241530,21.616400000000002,1.4144719496293028,0.5109999999999992,0
M101,221570,23.191300000000002,1.0599418880619547,0.5,0
M101,227320,22.5524,1.276461804173244,0.5239999999999991,0
M101,233297,22.6148,1.0842186867392387,0.48499999999999943,0
M101,213832,21.3054,1.6126779183165019,0.4629999999999992,0
M101,212413,22.6341,1.1610683854711745,0.45700000000000074,0
M101,223903,22.8947,1.0068937079479006,0.4640000000000004,0
M101,228604,21.432,1.3729120029701065,0.5199999999999996,0
M101,247523,22.5631,1.1908917169221696,0.47000000000000064,0
M101,248832,21.9259,1.189770956346874,0.4949999999999992,0
M101,281523,22.2988,1.3047058982127655,0.4939999999999998,0
M101,286474,22.2224,1.2571984261393445,0.5,0
M101,252819,21.7857,1.3346547668832414,0.48799999999999955,0
M101,294887,22.111900000000002,1.417803722639881,0.5489999999999995,0
M101,291662,22.069499999999998,1.2511513431753545,0.5519999999999996,0
M101,271937,22.197000000000003,1.2857822737793947,0.4920000000000009,0
M101,267629,22.0572,1.2833012287035497,0.4969999999999999,0
M101,257602,22.8827,1.1661339703051092,0.47799999999999976,0
M101,272627,21.503300000000003,1.507855871695831,0.5419999999999998,0
M101,25168,23.7905,0.7041505168397991,0.4169999999999998,0
M101,283512,22.244200000000003,1.3197304943302246,0.5020000000000007,0
M101,278069,21.910600000000002,1.2891428359323331,0.5339999999999989,0
M101,25852,21.8453,1.3261309567107946,0.41300000000000026,0
M101,290336,23.0082,1.2008504980910775,0.5500000000000007,0
M101,277736,21.8606,1.3571722577230336,0.5279999999999987,0
M101,251511,23.810000000000002,1.0111473607757975,0.4689999999999994,0
M101,252496,23.2177,0.8619523749214517,0.5090000000000003,0
M101,264930,22.03,1.2533380053261065,0.4989999999999988,0
M101,281695,21.7165,1.378216149749878,0.548,0
M101,292339,22.5255,1.1920095926536702,0.5090000000000003,0
M101,282769,21.7894,1.5577477416414682,0.5470000000000006,0
M101,288267,22.1765,1.132899769944483,0.5500000000000007,0
M101,262967,22.5884,1.1109262422664203,0.5079999999999991,0
M101,291090,21.1801,1.2571984261393445,0.5489999999999995,0
M101,284067,23.1017,1.039414119176137,0.5039999999999996,0
M101,280724,21.435399999999998,1.4578818967339924,0.46799999999999997,0
M101,269853,22.3105,1.2084413564385674,0.5279999999999987,0
M101,275536,21.3516,1.504742636271688,0.5299999999999994,0
M101,294352,21.2335,1.39776625612645,0.5489999999999995,0
M101,276726,22.1571,1.0989896394011773,0.4949999999999992,0
M101,301266,23.165000000000003,1.0962145853464051,0.5510000000000002,0
M101,295889,22.128999999999998,1.2846562827885157,0.5500000000000007,0
M101,319860,21.777800000000003,1.380934463330702,0.5449999999999999,0
M101,316077,23.073,0.9860099318532611,0.48799999999999955,0
M101,310588,22.6252,1.0398105541483504,0.49600000000000044,0
M101,677641,21.6358,1.3113299523037931,0.5109999999999992,0
M101,77186,22.1724,1.4082399653118496,0.43100000000000094,0
M101,66960,21.5782,1.4407517004791854,0.45199999999999996,0
M101,53242,22.673000000000002,1.0111473607757975,0.39400000000000013,0
M101,75429,22.46,0.9672670915597856,0.45700000000000074,0
M101,716117,23.017000000000003,1.028977705208778,0.5079999999999991,0
M101,606682,22.8213,1.0330214446829107,0.47499999999999964,0
M101,54672,23.5323,0.8362608028584869,0.41799999999999926,0
M101,78285,23.207,1.0166155475571774,0.45500000000000007,0
M101,680030,23.2476,0.8963057074660806,0.46499999999999986,0
M101,98953,22.5636,1.0362295440862945,0.4629999999999992,0
M101,98167,21.5106,1.414973347970818,0.4659999999999993,0
M101,95172,22.0841,1.184975190698261,0.41499999999999915,0
M101,84304,20.8795,1.6269559514354475,0.4599999999999991,0
M101,82579,23.2558,0.8780619812900126,0.45899999999999963,0
M101,283560,21.692500000000003,1.461348433647983,0.548,0
M101,179331,21.670099999999998,1.4273237863572472,0.4969999999999999,0
M101,91034,21.6695,1.2380461031287955,0.46199999999999974,0
M101,254566,22.5377,1.0817072700973491,0.5210000000000008,0
M101,40851,21.9912,1.2619761913978127,0.504999999999999,0
M101,38839,21.830000000000002,1.2324878663529861,0.5079999999999991,0
M101,40060,22.4412,0.9948448495533979,0.5060000000000002,0
M101,42877,22.331799999999998,1.2926990030439298,0.516,0
M101,38279,22.090600000000002,1.236789099409293,0.5099999999999998,0
M101,44666,22.713,1.1072099696478683,0.5129999999999999,0
M101,44333,22.3296,1.0965624383741355,0.5020000000000007,0
M101,397164,23.680600000000002,0.8298181874388775,0.39700000000000024,0
M101,6705,21.4165,1.2823955047425255,0.5220000000000002,0
M101,71362,22.654700000000002,1.04493154614916,0.532,0
M101,55763,22.521900000000002,1.14921911265538,0.49600000000000044,0
M101,678246,22.3024,1.2913688504515826,0.45399999999999885,0
M101,75602,22.5594,1.0519239160461065,0.5179999999999989,0
M101,73007,22.53,1.186673867499745,0.484,0
M101,679198,21.505399999999998,1.5174598265402321,0.4239999999999995,0
M101,66773,22.6529,1.2574385668598138,0.5069999999999997,0
M101,64911,22.0307,1.3138672203691535,0.5239999999999991,0
M101,721202,22.6488,1.1473671077937864,0.43700000000000117,0
M101,66284,22.0955,1.160768561861128,0.5120000000000005,0
M101,78026,22.4507,1.0398105541483504,0.5,0
M101,79671,22.7565,1.0161973535124391,0.5169999999999995,0
M101,94097,22.0596,1.0195316845312554,0.5139999999999993,0
M101,81242,22.4665,1.0614524790871933,0.5229999999999997,0
M101,92329,21.8877,1.3632358044836939,0.5210000000000008,0
M101,93020,21.9615,1.2857822737793947,0.5190000000000001,0
M101,90168,23.4365,0.7767011839884109,0.5169999999999995,0
M101,97872,21.9689,1.390935107103379,0.5239999999999991,0
M101,86123,22.273,1.2496874278053016,0.4820000000000011,0
M101,87556,22.771700000000003,1.039414119176137,0.5210000000000008,0
M101,89050,21.966,1.3951515915045425,0.5109999999999992,0
M101,134136,22.84,1.176958980586908,0.45500000000000007,0
M101,126265,22.353,1.0318122713303703,0.5090000000000003,0
M101,141245,21.956,1.4353665066126613,0.5060000000000002,0
M101,100017,22.327,1.2638726768652235,0.5389999999999997,0
M101,156248,22.237099999999998,1.2746196190912382,0.5310000000000006,0
M101,141870,22.4588,1.024895960107485,0.4770000000000003,0
M101,120706,22.1648,1.1092409685882032,0.5190000000000001,0
M101,120224,21.0626,1.498861688992884,0.5359999999999996,0
M101,195818,23.7335,0.8671137798319771,0.44399999999999906,0
M101,168798,22.932,1.0472748673841794,0.5169999999999995,0
M101,203569,23.3553,1.0565237240791003,0.472999999999999,0
M101,196870,23.703,0.7046651854545292,0.42900000000000027,0
M101,20978,21.7835,1.4629966120280562,0.5279999999999987,0
M101,190990,22.5088,1.028977705208778,0.516,0
M101,205603,22.8219,1.177536499929862,0.49099999999999966,0
M101,212178,23.136400000000002,0.9978230807457255,0.44599999999999973,0
M101,205210,22.814700000000002,0.9573198968553408,0.5120000000000005,0
M101,192614,22.4194,1.089905111439398,0.49600000000000044,0
M101,178616,23.003,0.9845273133437926,0.46499999999999986,0
M101,194602,22.7753,1.2319790268315043,0.4800000000000004,0
M101,202091,23.817,0.7210683017971591,0.4659999999999993,0
M101,165984,21.8288,1.4250448745513888,0.45700000000000074,0
M101,188874,22.780600000000003,1.1439511164239635,0.4920000000000009,0
M101,181233,21.9266,1.3918169236132487,0.4920000000000009,0
M101,163272,23.540000000000003,0.8963057074660806,0.5099999999999998,0
M101,212709,23.3493,0.9674543681827408,0.4969999999999999,0
M101,214250,23.712899999999998,0.8849651982007326,0.5069999999999997,0
M101,199251,20.6371,1.8530895298518655,0.4659999999999993,0
M101,183024,22.6023,1.2281436075977417,0.4770000000000003,0
M101,193338,22.802899999999998,1.0856472882968566,0.48299999999999876,0
M101,181580,23.1983,1.1109262422664203,0.4820000000000011,0
M101,195561,22.7729,1.0111473607757975,0.4900000000000002,0
M101,161100,21.4847,1.4225898398514822,0.527000000000001,0
M101,224407,24.0918,0.7455432019980242,0.48299999999999876,0
M101,217106,22.0324,1.1559430179718369,0.4529999999999994,0
M101,227088,21.630200000000002,1.4026052419199146,0.4820000000000011,0
M101,260680,22.0855,1.2352758766870524,0.44899999999999984,0
M101,260598,23.5058,0.8200700343123257,0.4109999999999996,0
M101,277390,23.417,0.8726806071519296,0.4499999999999993,0
M101,282450,22.6861,1.2350231594952235,0.4190000000000005,0
M101,280742,22.5335,1.1357685145678222,0.4120000000000008,0
M101,219429,22.3919,1.2891428359323331,0.4269999999999996,0
M101,270707,20.4412,1.8743658357300488,0.4599999999999991,0
M101,243050,20.2213,1.885248107781386,0.45399999999999885,0
M101,242444,23.3077,0.8543667780408696,0.488999999999999,0
M101,248945,22.1753,1.2911467617318857,0.4820000000000011,0
M101,270678,22.3065,1.2835273648616936,0.47600000000000087,0
M101,267743,23.487000000000002,0.9018395920512295,0.46199999999999974,0
M101,255017,21.6962,1.470116353151004,0.43299999999999983,0
M101,263257,22.035899999999998,1.1818435879447726,0.4029999999999987,0
M101,265018,22.325300000000002,1.14705767102836,0.4320000000000004,0
M101,218108,23.7146,0.7839035792727349,0.4320000000000004,0
M101,282449,22.0491,1.4191293077419758,0.41999999999999993,0
M101,272146,21.6053,1.4169731726030363,0.44599999999999973,0
M101,236615,21.7348,1.3624824747511743,0.472999999999999,0
M101,272115,22.7701,1.021189299069938,0.47600000000000087,0
M101,237507,20.8961,1.6503075231319364,0.4969999999999999,0
M101,229426,21.8432,1.3811150807098507,0.4820000000000011,0
M101,253052,23.0258,1.0285712526925377,0.4659999999999993,0
M101,230998,24.0847,0.7897921677306753,0.48099999999999987,0
M101,230116,22.5565,1.0358298252528282,0.4820000000000011,0
M101,269346,23.3288,1.0561422620590524,0.4800000000000004,0
M101,228878,22.7623,1.110589710299249,0.4450000000000003,0
M101,286623,22.7113,1.190611797813605,0.42300000000000004,0
M101,299699,23.589299999999998,0.8363241157067517,0.4640000000000004,0
M101,363373,23.1841,0.7824009524965299,0.42300000000000004,0
M101,350718,23.6264,0.9718322799249252,0.43900000000000006,0
M101,293249,21.8017,1.311541958401195,0.4089999999999989,0
M101,292025,21.718999999999998,1.5424519473759766,0.44899999999999984,0
M101,345893,23.0741,1.0530784434834197,0.4220000000000006,0
M101,313164,22.9288,1.0519239160461065,0.45199999999999996,0
M101,300056,22.1247,1.2612628687924936,0.44200000000000017,0
M101,364866,23.454700000000003,0.9434450490250305,0.4169999999999998,0
M101,351392,22.2158,1.159266331093494,0.4250000000000007,0
M101,294062,22.7677,1.1498346967157849,0.4580000000000002,0
M101,292617,21.9478,1.429752280002408,0.4009999999999998,0
M101,309447,23.9852,0.8046845149069404,0.41300000000000026,0
M101,293622,22.639,1.2156375634350618,0.4629999999999992,0
M101,48875,21.571199999999997,1.2617385473525378,0.5129999999999999,0
M101,103016,21.9218,1.1439511164239635,0.5129999999999999,0
M101,219452,23.0247,1.1065308538223813,0.5069999999999997,0
M101,356191,22.7329,1.2545480771089739,0.4089999999999989,0
N1015,130582,25.3734,1.4695274791870139,0.14199999999999946,1
N1015,142580,24.5032,1.5130843604651443,0.023999999999999133,1
N1015,92802,24.0944,1.5438198051426577,0.17099999999999937,1
N1015,35224,24.1631,1.6065963091792852,0.10599999999999987,1
N1015,16524,24.448999999999998,1.6996643202023733,-0.025000000000000355,1
N1015,40722,24.5092,1.7655195430979524,-0.019000000000000128,1
N1015,34805,23.2339,1.7913397039651395,0.006000000000000227,1
N1015,95917,23.8366,1.793231447056521,0.24499999999999922,1
N1015,52448,23.7349,1.8052289142034261,-0.0389999999999997,1
N1015,91423,23.572,1.847634344318255,0.3249999999999993,1
N1015,134588,24.1307,1.8717480189918716,0.37899999999999956,1
N1015,122746,23.672500000000003,1.8727970399895983,-0.1609999999999996,1
N1015,152327,23.428900000000002,1.9411634601584733,0.04400000000000048,1
N1015,21471,23.2372,1.988960070390338,0.37299999999999933,1
N1309,154632,24.9524,1.5809249756756194,-0.0779999999999994,2
N1309,149317,24.6802,1.5945030438200891,0.062000000000001165,2
N1309,42756,24.744200000000003,1.5957166199434245,0.13299999999999912,2
N1309,40303,24.720000000000002,1.5965970956264601,0.09799999999999898,2
N1309,50270,24.9866,1.600210306409328,0.20599999999999952,2
N1309,119907,23.912,1.6110857334148727,0.31400000000000006,2
N1309,136479,24.5295,1.6129956560323475,-0.013999999999999346,2
N1309,67093,23.8719,1.6208644752651211,0.37700000000000067,2
N1309,82654,23.746499999999997,1.6226284261293251,0.32699999999999996,2
N1309,27150,24.005899999999997,1.624385241420265,0.1999999999999993,2
N1309,50545,24.8183,1.6448323288256363,0.16499999999999915,2
N1309,48826,23.764499999999998,1.6465997517203734,0.3149999999999995,2
N1309,103930,24.5317,1.649334858712142,0.07899999999999885,2
N1309,2099043,23.4667,1.6464037262230695,0.20599999999999952,2
N1309,47351,24.160600000000002,1.6575338875579864,0.16799999999999926,2
N1309,2108877,24.1502,1.6775157047987574,0.18100000000000094,2
N1309,152242,24.3135,1.679609571779756,0.054999999999999716,2
N1309,2117990,24.3019,1.6828667956623247,0.08499999999999908,2
N1309,134187,23.2243,1.6800634274819486,0.20199999999999996,2
N1309,150120,24.1356,1.685293781386784,0.08300000000000018,2
N1309,22773,24.5255,1.695218918905151,0.17999999999999972,2
N1309,105535,24.332500000000003,1.7060346607143506,0.4139999999999997,2
N1309,66971,24.2142,1.7107940999303275,0.18900000000000006,2
N1309,126515,24.224,1.7112165243210902,0.26200000000000045,2
N1309,65208,23.6773,1.716170347859854,0.07399999999999984,2
N1309,89446,24.0483,1.7201593034059568,0.28999999999999915,2
N1309,105633,24.2317,1.7329563695756247,0.30299999999999905,2
N1309,62523,24.2389,1.754501229386917,0.27399999999999913,2
N1309,68651,24.4143,1.7702627381705933,0.3179999999999996,2
N1309,122991,24.049799999999998,1.7706311277778066,0.24200000000000088,2
N1309,145875,23.856199999999998,1.8104341559226726,0.06600000000000072,2
N1309,120871,23.1296,1.8118430061764774,0.3229999999999986,2
N1309,83989,23.6996,1.8075350280688534,0.027999999999998693,2
N1309,25808,24.0554,1.8305886686851442,0.19399999999999906,2
N1309,83493,23.872,1.7628285531890906,0.3070000000000004,2
N1309,47225,24.0483,1.8409212001987718,0.14400000000000013,2
N1309,37762,23.7977,1.8407332346118068,0.25399999999999956,2
N1309,49918,23.6124,1.8541845438336066,0.09799999999999898,2
N1309,87828,23.8541,1.8669958131106479,0.3360000000000003,2
N1309,124934,23.505000000000003,1.879439965995217,0.2579999999999991,2
N1309,127649,23.7671,1.927062243493,0.22499999999999964,2
N1309,88762,23.303099999999997,1.9288565335819108,0.34699999999999953,2
N1309,24251,23.3943,1.9570802596578998,0.12100000000000044,2
N1309,91743,23.581799999999998,1.9586116577648793,0.4009999999999998,2
N1365,111818,24.7363,1.2013971243204515,0.15399999999999991,3
N1365,140975,24.6531,1.216165902285993,-0.2400000000000002,3
N1365,123989,24.116400000000002,1.2232362731029975,0.054999999999999716,3
N1365,132389,24.7871,1.2304489213782739,-0.0470000000000006,3
N1365,103384,25.3923,1.230704313612569,0.13599999999999923,3
N1365,111940,24.545099999999998,1.2942457161381182,0.12399999999999878,3
N1365,136735,24.061700000000002,1.4099331233312946,-0.17999999999999972,3
N1365,101154,23.5147,1.4163075870598825,0.21799999999999997,3
N1365,63449,23.5208,1.4307198878632823,0.19799999999999862,3
N1365,138773,23.9253,1.4310419453358854,-0.17900000000000027,3
N1365,120972,23.9212,1.4385423487861106,0.0600000000000005,3
N1365,65336,24.4111,1.4462264017781632,0.17900000000000027,3
N1365,124631,23.6306,1.467312062980552,0.04499999999999993,3
N1365,130859,24.0194,1.4679039465228003,-0.08900000000000041,3
N1365,133465,23.6555,1.4690852991231205,-0.12199999999999989,3
N1365,105797,23.4637,1.4820155764507117,0.19100000000000072,3
N1365,106470,23.402299999999997,1.4827307000799428,0.19100000000000072,3
N1365,100027,24.015099999999997,1.496514518697745,0.1850000000000005,3
N1365,94995,23.870600000000003,1.5108130105124962,0.2370000000000001,3
N1365,122163,23.6213,1.5327543789924978,0.019999999999999574,3
N1365,87703,22.9713,1.5454308294653512,0.12599999999999945,3
N1365,61628,23.5133,1.5683190850951119,0.35799999999999876,3
N1365,90510,23.5418,1.5917322389518356,0.24499999999999922,3
N1365,128912,22.9342,1.6099144100859977,0.0129999999999999,3
N1365,103704,23.5879,1.6111920608684343,0.16499999999999915,3
N1365,104907,22.923000000000002,1.6324572921847242,0.19399999999999906,3
N1365,123489,23.5041,1.6334684555795864,0.0600000000000005,3
N1365,101731,22.6023,1.6743098889414771,0.18799999999999883,3
N1365,94055,23.2849,1.7113853790984517,0.2240000000000002,3
N1365,129336,22.9735,1.756864224060549,0.007999999999999119,3
N1365,88821,22.7296,1.800510876894368,0.254999999999999,3
N1365,75575,22.3125,1.8354368948018582,0.3160000000000007,3
N1448,67680,25.1324,1.182414652434554,0.08799999999999919,4
N1448,70048,25.625600000000002,1.1925674533365456,0.2240000000000002,4
N1448,106396,24.1713,1.1981069988734014,0.1999999999999993,4
N1448,100437,23.889400000000002,1.2041199826559248,0.20800000000000018,4
N1448,30983,25.081,1.2049335223541449,0.057000000000000384,4
N1448,20241,24.651799999999998,1.2084413564385674,0.01699999999999946,4
N1448,67991,24.6422,1.2092468487533738,0.21799999999999997,4
N1448,55127,24.634900000000002,1.2234959409623944,0.1739999999999995,4
N1448,9056,24.5265,1.242292904982931,-0.032999999999999474,4
N1448,2057928,24.4936,1.2543063323312855,0.20399999999999885,4
N1448,146654,24.9285,1.2595938788859486,0.13599999999999923,4
N1448,126675,24.3781,1.2600713879850747,0.28200000000000003,4
N1448,43058,23.7057,1.2612628687924936,0.0779999999999994,4
N1448,28890,24.288,1.2641091563058084,0.051000000000000156,4
N1448,50635,24.044,1.2657609167176105,0.1479999999999997,4
N1448,125197,23.935399999999998,1.2837533833325265,0.08300000000000018,4
N1448,28276,23.9357,1.2909245593827543,0.04800000000000004,4
N1448,87040,23.4358,1.31492005599242,0.2710000000000008,4
N1448,114172,23.967000000000002,1.325720858019412,0.19700000000000095,4
N1448,22681,24.0904,1.327563260187278,0.021000000000000796,4
N1448,141128,24.288999999999998,1.3279716236230106,0.19500000000000028,4
N1448,98211,24.618699999999997,1.3348556896172916,0.09699999999999953,4
N1448,45433,24.5786,1.3654879848908996,0.07299999999999862,4
N1448,31039,24.3629,1.370698092575577,0.09699999999999953,4
N1448,82051,23.572599999999998,1.3928727454020795,0.2579999999999991,4
N1448,46921,24.1198,1.4119562379304016,0.1609999999999996,4
N1448,27054,23.7896,1.4173055832445256,0.02200000000000024,4
N1448,13429,23.9393,1.4220971631317103,-0.0039999999999995595,4
N1448,77275,23.8442,1.4289442900355744,0.20999999999999908,4
N1448,68073,23.4876,1.4358443659844413,0.18599999999999994,4
N1448,141170,24.038999999999998,1.4488608456074408,0.2010000000000005,4
N1448,18798,23.4036,1.4893959217271295,0.0039999999999995595,4
N1448,59301,23.7661,1.4976206497812876,0.10200000000000031,4
N1448,41235,24.1729,1.5207454715194824,0.03500000000000014,4
N1448,81607,23.7652,1.5300715688373783,0.11500000000000021,4
N1448,120930,23.521900000000002,1.53567380342575,0.2759999999999998,4
N1448,73057,23.210600000000003,1.5422027824340283,0.23399999999999999,4
N1448,55177,22.9624,1.5573868820595071,0.09500000000000064,4
N1448,121708,23.102500000000003,1.5693739096150459,0.24600000000000044,4
N1448,67910,23.811799999999998,1.587823171318955,0.22000000000000064,4
N1448,51814,23.2746,1.592953571547866,0.02999999999999936,4
N1448,75419,23.6416,1.5957166199434245,0.21499999999999986,4
N1448,72258,22.9832,1.6427612032653205,0.21799999999999997,4
N1448,55456,22.956400000000002,1.644635503768153,0.06600000000000072,4
N1448,128603,22.461000000000002,1.6582976503081899,0.3570000000000011,4
N1448,15251,23.0442,1.6908160579809155,0.0,4
N1448,30915,23.0373,1.6908160579809155,0.03599999999999959,4
N1448,49401,23.400000000000002,1.6958317728266923,0.025000000000000355,4
N1448,63307,22.907500000000002,1.7043221408222353,0.20199999999999996,4
N1448,77316,22.923099999999998,1.717004407040547,0.24200000000000088,4
N1448,34474,23.0569,1.739809599021359,0.028999999999999915,4
N1448,70784,22.5259,1.7523558041535008,0.19899999999999984,4
N1448,52427,22.7718,1.778078861937455,0.0649999999999995,4
N1448,58446,22.3172,1.970114322285097,0.19200000000000017,4
N2442,186963,24.3334,1.1763806922432705,0.2240000000000002,5
N2442,99851,24.601499999999998,1.1855421548543752,0.4599999999999991,5
N2442,241859,25.154799999999998,1.1956229435869368,-0.03200000000000003,5
N2442,281583,24.6311,1.1975562131535364,-0.09700000000000131,5
N2442,237598,24.3658,1.1975562131535364,0.028999999999999915,5
N2442,172188,24.9679,1.2008504980910775,0.39000000000000057,5
N2442,51166,24.7204,1.2022157758011316,0.35799999999999876,5
N2442,307271,25.3029,1.2065560440990295,-0.028999999999999915,5
N2442,261899,24.219700000000003,1.2113875529368587,0.29100000000000037,5
N2442,71147,24.0673,1.2276296495710086,0.44399999999999906,5
N2442,72505,24.7181,1.2327420627207368,0.5169999999999995,5
N2442,302230,25.244400000000002,1.2332500095411003,-0.0649999999999995,5
N2442,197680,23.991600000000002,1.248463717551032,0.30799999999999983,5
N2442,309173,24.7085,1.2727695865517594,0.14100000000000001,5
N2442,222924,24.5834,1.2741578492636798,0.19200000000000017,5
N2442,59030,24.7987,1.2929202996000062,0.11500000000000021,5
N2442,106567,24.0932,1.2949069106051925,0.5600000000000005,5
N2442,299524,23.883399999999998,1.297760511099134,0.05000000000000071,5
N2442,220891,25.2188,1.3014640731432998,0.3390000000000004,5
N2442,108661,24.0455,1.3027637084729817,0.3960000000000008,5
N2442,255145,24.2255,1.3031960574204888,0.22600000000000087,5
N2442,50722,23.662,1.307496037913213,0.5640000000000001,5
N2442,157616,24.8431,1.3081373786380386,0.18799999999999883,5
N2442,159204,24.1962,1.3100557377508915,0.238999999999999,5
N2442,62750,24.314,1.3102683666324475,0.3650000000000002,5
N2442,277926,23.6477,1.3207692283386865,0.03700000000000081,5
N2442,261332,24.4468,1.3222192947339193,0.2859999999999996,5
N2442,215636,24.0198,1.3236645356081003,0.15000000000000036,5
N2442,81577,23.9868,1.328583449714202,0.4269999999999996,5
N2442,275077,23.6914,1.3322364154914432,0.15399999999999991,5
N2442,42277,24.683999999999997,1.3418300569205104,0.5999999999999996,5
N2442,119156,24.8571,1.3432115901797474,0.4399999999999995,5
N2442,231881,23.7551,1.344588742578714,0.03200000000000003,5
N2442,176255,24.503999999999998,1.3475251599986895,0.3929999999999989,5
N2442,255741,24.955000000000002,1.3560258571931227,0.18900000000000006,5
N2442,49602,23.951,1.3588862044058692,0.40700000000000003,5
N2442,147294,23.665399999999998,1.3632358044836939,0.41999999999999993,5
N2442,88058,23.8257,1.3636119798921444,0.613999999999999,5
N2442,126999,24.359199999999998,1.3641756327706194,0.43799999999999883,5
N2442,180801,24.540399999999998,1.368286884902131,0.37700000000000067,5
N2442,76731,24.2694,1.3725438007590702,0.5299999999999994,5
N2442,72081,23.9911,1.3866772839608377,0.43599999999999994,5
N2442,62039,24.1737,1.3877456596088638,0.5670000000000002,5
N2442,54276,23.8206,1.388278863459639,0.40499999999999936,5
N2442,121740,24.4823,1.3918169236132487,0.24299999999999855,5
N2442,290612,23.985200000000003,1.3981136917305026,0.11299999999999955,5
N2442,197193,24.674400000000002,1.3998467127129224,0.17799999999999905,5
N2442,186319,24.0073,1.401055725771844,0.19100000000000072,5
N2442,180394,23.5287,1.4056877866727775,0.3349999999999991,5
N2442,92466,24.598000000000003,1.4070508148042504,0.3550000000000004,5
N2442,110569,23.9057,1.4077307280263354,0.5459999999999994,5
N2442,248384,24.1935,1.4085791254086675,0.3260000000000005,5
N2442,110916,23.9894,1.4102709642521845,0.4610000000000003,5
N2442,198214,24.4595,1.4104397862103466,0.22799999999999976,5
N2442,185102,24.503,1.413467412985825,0.2270000000000003,5
N2442,269188,24.6719,1.4191293077419758,0.2839999999999989,5
N2442,286845,23.7532,1.4209454059219722,0.2370000000000001,5
N2442,285341,24.2183,1.4219328132785085,0.09200000000000053,5
N2442,82217,24.1026,1.4220971631317103,0.07699999999999996,5
N2442,224889,23.5411,1.426023015689876,0.016000000000000014,5
N2442,2194522,24.6768,1.4323277922616042,0.2129999999999992,5
N2442,178803,23.7652,1.433449793761596,0.16000000000000014,5
N2442,56334,23.8414,1.4358443659844413,0.4450000000000003,5
N2442,80528,23.9125,1.4394905903896835,0.40499999999999936,5
N2442,43284,23.748600000000003,1.4415380387021608,0.5830000000000002,5
N2442,143447,24.036,1.442009159140952,0.5099999999999998,5
N2442,101202,24.4341,1.4437322414015967,0.3849999999999998,5
N2442,283472,24.5065,1.4569730136358179,0.22799999999999976,5
N2442,132595,23.569100000000002,1.4569730136358179,0.44399999999999906,5
N2442,284952,23.563899999999997,1.4649364291217326,-0.019999999999999574,5
N2442,308608,23.3732,1.4690852991231205,0.009000000000000341,5
N2442,250399,23.8718,1.4693801358499252,0.3160000000000007,5
N2442,115577,23.5257,1.4734869700645683,0.484,5
N2442,194211,23.317700000000002,1.4743619760326307,0.42300000000000004,5
N2442,91353,23.805200000000003,1.4746532533620627,0.5549999999999997,5
N2442,264603,23.881600000000002,1.474944335465388,0.19100000000000072,5
N2442,110273,23.5822,1.4763968267253302,0.5339999999999989,5
N2442,291564,24.0445,1.476976465759527,0.09500000000000064,5
N2442,76733,23.8903,1.4820155764507117,0.5250000000000004,5
N2442,141631,24.1464,1.4855794769846786,0.4320000000000004,5
N2442,250718,24.040399999999998,1.4889735247265081,0.29100000000000037,5
N2442,200409,23.325000000000003,1.4909412053567868,0.22000000000000064,5
N2442,130494,23.9712,1.5206145218782359,0.44599999999999973,5
N2442,91119,23.5917,1.5240064455573725,0.04100000000000037,5
N2442,127193,23.2026,1.5272431163880886,0.41999999999999993,5
N2442,256686,22.649900000000002,1.5322446436265822,0.11700000000000088,5
N2442,261836,24.0517,1.534026106056135,0.11899999999999977,5
N2442,255251,23.9532,1.5363058723510337,0.16600000000000037,5
N2442,138447,23.588600000000003,1.5364321758220134,0.4190000000000005,5
N2442,127903,24.433699999999998,1.537063142781617,0.4410000000000007,5
N2442,58232,23.7415,1.5385737338068557,0.06099999999999994,5
N2442,59168,23.656399999999998,1.5464192668351917,0.5210000000000008,5
N2442,296832,23.281,1.5482665451707454,0.057000000000000384,5
N2442,283204,23.104,1.550961752298176,0.06799999999999962,5
N2442,260016,23.9522,1.5560611590095326,-0.08500000000000085,5
N2442,211672,23.038600000000002,1.5584685625237948,0.39899999999999913,5
N2442,304831,24.1202,1.5626496722119168,0.10100000000000087,5
N2442,60928,23.4379,1.5641924606261979,0.5380000000000003,5
N2442,188095,23.5805,1.5651391519697895,0.13899999999999935,5
N2442,82565,23.3467,1.5653755027140737,0.3829999999999991,5
N2442,49027,23.1775,1.569724949226159,0.5869999999999997,5
N2442,307935,23.8068,1.5720579899263045,0.10200000000000031,5
N2442,109277,23.3715,1.5725230978496376,0.38599999999999923,5
N2442,90441,23.4816,1.5800121125294244,0.363999999999999,5
N2442,94954,23.426199999999998,1.5801263254115825,0.3829999999999991,5
N2442,286770,23.6215,1.5801263254115825,0.21700000000000053,5
N2442,52825,23.8845,1.5833121519830777,0.45899999999999963,5
N2442,309722,23.034499999999998,1.583538819254352,0.09500000000000064,5
N2442,133957,23.5462,1.5997739391463883,0.42600000000000016,5
N2442,276604,23.6298,1.6073477767684134,0.23799999999999955,5
N2442,134174,23.2062,1.6097011023793995,0.3819999999999997,5
N2442,39398,24.113699999999998,1.6100210246641453,0.45500000000000007,5
N2442,266788,23.4995,1.6124659639531422,-0.022999999999999687,5
N2442,157022,23.0306,1.619719265611727,0.42900000000000027,5
N2442,289797,23.119400000000002,1.6203442997544932,0.1529999999999987,5
N2442,117184,23.817800000000002,1.624385241420265,0.3979999999999997,5
N2442,105613,23.5688,1.6363875858131567,0.6010000000000009,5
N2442,289866,24.092200000000002,1.6440444928147488,0.19599999999999973,5
N2442,298319,23.1465,1.6527296960692477,0.051000000000000156,5
N2442,202104,22.7023,1.658393026279124,0.2240000000000002,5
N2442,168518,22.9586,1.6671726724788685,-0.0010000000000012221,5
N2442,154766,23.3271,1.668665415454492,-0.0129999999999999,5
N2442,230922,23.4809,1.6711728427150832,0.12199999999999989,5
N2442,78732,23.4056,1.674585602302914,0.39400000000000013,5
N2442,112435,23.8487,1.6812412373755872,0.4689999999999994,5
N2442,159386,23.3202,1.6885977750811698,0.3849999999999998,5
N2442,172572,23.0744,1.7160033436347992,0.4870000000000001,5
N2442,250213,23.252200000000002,1.7162538258960367,0.3200000000000003,5
N2442,305555,23.4022,1.7295697263019698,0.07299999999999862,5
N2442,249920,23.6344,1.7311857076340005,0.32099999999999973,5
N2442,241406,22.7894,1.763128376799137,0.29299999999999926,5
N2442,267506,22.588600000000003,1.7725417326409434,0.17999999999999972,5
N2442,247123,23.0932,1.7732743483374538,0.3229999999999986,5
N2442,51090,22.729400000000002,1.7951149856303632,0.45500000000000007,5
N2442,259540,23.4369,1.8025000677643934,-0.04100000000000037,5
N2442,234145,22.993000000000002,1.805092878342673,-0.03700000000000081,5
N2442,281192,23.1386,1.8287243271387914,-0.0010000000000012221,5
N2442,300268,22.7469,1.842546836495015,-0.08399999999999963,5
N2442,200106,22.631,1.8426716337607885,0.2110000000000003,5
N2442,54562,22.6539,1.875986771428488,0.07399999999999984,5
N2442,260081,22.9979,1.8895257966711911,0.09799999999999898,5
N3021,64252,25.287599999999998,1.2089785172762535,0.17099999999999937,6
N3021,97590,24.580000000000002,1.2610248339923973,0.31200000000000117,6
N3021,114118,26.268900000000002,1.3138672203691535,0.2699999999999996,6
N3021,80760,25.240099999999998,1.3224260524059526,0.25399999999999956,6
N3021,155661,25.1747,1.3613500243522665,0.004999999999999005,6
N3021,143080,24.7266,1.379305517750582,0.30799999999999983,6
N3021,124526,24.935399999999998,1.4278105726759902,0.21499999999999986,6
N3021,122365,25.1329,1.4926207220431917,0.5370000000000008,6
N3021,74434,24.1311,1.500785172917456,0.3849999999999998,6
N3021,114576,24.331799999999998,1.520876381688342,0.34699999999999953,6
N3021,127220,24.9497,1.5478977175630972,0.28500000000000014,6
N3021,141178,24.7531,1.5608626947274649,0.2759999999999998,6
N3021,120418,24.8352,1.5482665451707454,0.5060000000000002,6
N3021,123439,24.4654,1.595606434865603,0.23499999999999943,6
N3021,67964,25.4972,1.600210306409328,0.30400000000000027,6
N3021,59565,24.787399999999998,1.646207612206685,0.20899999999999963,6
N3021,107249,24.0296,1.7500453120117676,0.42900000000000027,6
N3021,65081,23.887,1.7640266076920372,0.18200000000000038,6
N3370,42916,24.1867,1.381295623003826,0.11700000000000088,7
N3370,40625,25.1536,1.3816564825857869,0.26900000000000013,7
N3370,170179,24.9465,1.3912880485952974,-0.2129999999999992,7
N3370,77247,24.9012,1.3960248966085933,-0.06299999999999883,7
N3370,2053060,24.7099,1.404491617758686,0.3000000000000007,7
N3370,140127,23.872,1.4050046650503694,0.12199999999999989,7
N3370,75776,24.602500000000003,1.4214393902200497,0.0129999999999999,7
N3370,65151,25.1454,1.4253711664389412,0.04899999999999949,7
N3370,60692,24.656,1.426023015689876,0.1379999999999999,7
N3370,144079,24.906,1.4282968139828796,-0.09500000000000064,7
N3370,157064,24.467200000000002,1.4546924492394768,-0.028999999999999915,7
N3370,58859,24.4743,1.4622482153549974,0.14899999999999913,7
N3370,138531,25.165899999999997,1.470116353151004,-0.05299999999999905,7
N3370,77712,24.0377,1.4775553321989812,0.2829999999999995,7
N3370,36935,24.8194,1.479143247978613,0.23399999999999999,7
N3370,147636,24.3126,1.4815859363676223,-0.11800000000000033,7
N3370,30963,24.757800000000003,1.4825877695267675,0.17799999999999905,7
N3370,10141,24.0955,1.4941545940184429,-0.023999999999999133,7
N3370,71353,24.490099999999998,1.4956830676169153,0.24600000000000044,7
N3370,26623,24.981199999999998,1.496514518697745,0.0600000000000005,7
N3370,85290,24.7995,1.4978967429132204,0.05299999999999905,7
N3370,66128,23.9825,1.5157414166693652,0.2270000000000003,7
N3370,74164,23.6007,1.5323721335678775,0.2970000000000006,7
N3370,54733,24.177000000000003,1.5358002908248978,0.3879999999999999,7
N3370,82233,23.3954,1.539577883345309,0.3620000000000001,7
N3370,47147,24.4066,1.5436956323092448,0.31899999999999906,7
N3370,72754,24.3349,1.544811911757776,0.03700000000000081,7
N3370,147159,24.008399999999998,1.5471591213274176,0.07699999999999996,7
N3370,163049,24.2836,1.5474054596674898,-0.0990000000000002,7
N3370,67708,24.140600000000003,1.552911450216509,-0.08399999999999963,7
N3370,153082,24.1442,1.55303301620244,0.0259999999999998,7
N3370,25985,24.351300000000002,1.5618166643189575,0.14000000000000057,7
N3370,161906,24.5907,1.563599728881531,-0.16300000000000026,7
N3370,92881,24.5654,1.5735677730392186,0.11500000000000021,7
N3370,140125,23.962500000000002,1.583878598498626,0.09699999999999953,7
N3370,72864,24.1735,1.5862496388660419,0.1509999999999998,7
N3370,121969,23.7613,1.58849580100721,0.10799999999999876,7
N3370,92511,24.1859,1.5935075893317652,0.07200000000000095,7
N3370,120631,23.723699999999997,1.5994463757252757,0.254999999999999,7
N3370,42842,24.0047,1.6073477767684134,0.23799999999999955,7
N3370,41321,24.3108,1.6124659639531422,0.26099999999999923,7
N3370,65660,23.9213,1.615107987443194,0.27200000000000024,7
N3370,71357,23.4837,1.646207612206685,0.20599999999999952,7
N3370,69222,24.1489,1.647089428716555,0.43700000000000117,7
N3370,29983,23.2908,1.6325585145326718,0.17600000000000016,7
N3370,33115,24.043699999999998,1.6567687792660166,0.20399999999999885,7
N3370,134313,24.1219,1.6680129716418322,-0.05400000000000027,7
N3370,87112,23.7283,1.6781540380104374,0.24899999999999878,7
N3370,137161,24.1407,1.6939906104607767,0.13299999999999912,7
N3370,145867,23.847800000000003,1.6962689967455329,0.09299999999999997,7
N3370,54553,23.834799999999998,1.7332775339325817,0.0990000000000002,7
N3370,87200,24.2142,1.7424894645817752,0.25399999999999956,7
N3370,96608,23.212500000000002,1.7907072873276797,0.07699999999999996,7
N3370,33971,23.593600000000002,1.7909884750888159,0.1850000000000005,7
N3370,11444,23.2776,1.825491029879431,-0.017999999999998906,7
N3370,11019,23.1297,1.8288531596766402,-0.013999999999999346,7
N3370,97670,23.0744,1.8308451923086115,0.4009999999999998,7
N3370,75264,23.020699999999998,1.8387861449465945,0.18299999999999983,7
N3370,75521,23.1571,1.8623103099542704,0.2789999999999999,7
N3370,89356,22.973699999999997,1.877889425371484,0.22799999999999976,7
N3370,64613,23.413600000000002,1.9290099854939613,0.3689999999999998,7
N3370,145193,23.27,1.945320840792275,0.09600000000000009,7
N3370,34933,22.931900000000002,1.9827233876685453,0.1379999999999999,7
N3447,23604,24.4776,1.3023309286843994,-0.0129999999999999,8
N3447,78994,25.2805,1.307496037913213,0.21700000000000053,8
N3447,89098,24.7264,1.3079237036118816,0.045999999999999375,8
N3447,67503,25.6155,1.3100557377508915,-0.16300000000000026,8
N3447,111248,24.7882,1.312811826212088,0.09699999999999953,8
N3447,86910,25.2187,1.3159703454569178,0.23600000000000065,8
N3447,81488,24.1777,1.3184807251745174,0.1280000000000001,8
N3447,130567,25.046499999999998,1.3246939138617746,0.027999999999998693,8
N3447,47464,25.0245,1.3439990690571613,-0.11299999999999955,8
N3447,75664,24.395300000000002,1.3494717992143856,0.05000000000000071,8
N3447,131969,25.0427,1.3519894554356322,0.04899999999999949,8
N3447,59615,23.9332,1.352761191723831,0.0909999999999993,8
N3447,74973,24.7122,1.3585059114902351,0.04299999999999926,8
N3447,115489,24.7305,1.3613500243522665,0.24799999999999933,8
N3447,131834,24.6019,1.3637999454791092,0.05600000000000094,8
N3447,135216,24.3806,1.3645509953539718,0.0860000000000003,8
N3447,126584,25.1665,1.383456296524753,0.07499999999999929,8
N3447,118584,25.4868,1.3836358683618797,0.07499999999999929,8
N3447,75725,25.0766,1.3838153659804313,0.09200000000000053,8
N3447,113270,25.1294,1.3864989655506532,0.06899999999999906,8
N3447,155009,24.698999999999998,1.3881012015705168,-0.0990000000000002,8
N3447,123914,24.9195,1.388988785124714,0.057000000000000384,8
N3447,152848,24.5383,1.3941013020400446,-0.09399999999999942,8
N3447,122695,23.8401,1.404833716619938,-0.08799999999999919,8
N3447,2036991,24.117,1.4068806700491248,0.11899999999999977,8
N3447,80864,24.815099999999997,1.4107772333772097,0.08300000000000018,8
N3447,104650,24.3677,1.421603926869831,0.2400000000000002,8
N3447,27719,25.0894,1.4331295175804855,-0.0070000000000014495,8
N3447,82951,24.6063,1.436480695009495,0.12599999999999945,8
N3447,79170,24.278699999999997,1.4372747974101237,-0.019000000000000128,8
N3447,99463,25.0089,1.442793225939769,0.09600000000000009,8
N3447,66906,24.5026,1.4451369687133042,0.041999999999999815,8
N3447,118943,24.6936,1.4586378490256493,0.23600000000000065,8
N3447,25296,24.6193,1.4652340949880143,-0.13899999999999935,8
N3447,115658,25.2188,1.4670158184384354,0.10899999999999999,8
N3447,23998,24.2524,1.4723175463168419,-0.009000000000000341,8
N3447,75853,24.0905,1.476976465759527,0.13100000000000023,8
N3447,59012,24.7259,1.4771212547196624,0.13299999999999912,8
N3447,115751,25.0735,1.4830164201441323,0.09799999999999898,8
N3447,143046,24.553400000000003,1.4847268042986619,-0.08300000000000018,8
N3447,99305,24.837500000000002,1.4903799200031789,0.20999999999999908,8
N3447,28352,24.313,1.500373714353374,-0.03700000000000081,8
N3447,126368,23.9916,1.505421327583281,0.07299999999999862,8
N3447,26549,24.331,1.5075860397630108,-0.0259999999999998,8
N3447,110619,24.3583,1.5083950331330531,0.07600000000000051,8
N3447,135377,23.8136,1.5166675590990428,0.009999999999999787,8
N3447,76552,24.4882,1.5216610151120733,-0.10999999999999943,8
N3447,122444,24.2121,1.5296869537729165,0.07600000000000051,8
N3447,126077,23.7525,1.5342800052050816,-0.10899999999999999,8
N3447,151664,24.3848,1.5486350598147516,-0.03700000000000081,8
N3447,73409,23.965300000000003,1.5487578285737043,0.11599999999999966,8
N3447,71205,24.0521,1.5525465479556604,0.19899999999999984,8
N3447,87900,23.8407,1.5564231213712854,0.06099999999999994,8
N3447,90651,23.7624,1.5566642621225686,0.26200000000000045,8
N3447,86972,24.041,1.5590683340345368,0.0860000000000003,8
N3447,153419,23.8977,1.5652573434202137,-0.04899999999999949,8
N3447,146000,24.2683,1.5679669068231543,-0.10500000000000043,8
N3447,95760,24.1064,1.5765716840652908,0.15399999999999991,8
N3447,86619,23.7499,1.588159616383092,0.07299999999999862,8
N3447,111859,24.005399999999998,1.5936183081295359,0.09699999999999953,8
N3447,107513,23.807599999999997,1.5969268143429707,0.11299999999999955,8
N3447,98902,23.842299999999998,1.5976951859255124,0.14499999999999957,8
N3447,91688,23.8628,1.6031443726201824,-0.05600000000000094,8
N3447,89645,23.7956,1.60788374435699,0.1609999999999996,8
N3447,74689,23.3848,1.6357852355336517,0.0990000000000002,8
N3447,99630,23.4973,1.6497241859295224,0.11799999999999855,8
N3447,35694,23.6135,1.6586790285824489,0.04299999999999926,8
N3447,88745,23.5424,1.6637009253896482,0.12899999999999956,8
N3447,59903,24.0653,1.6729286904427225,-0.02800000000000047,8
N3447,112471,23.6596,1.6849350826408895,0.10500000000000043,8
N3447,78048,24.0317,1.6929350025311378,0.09399999999999942,8
N3447,65526,23.6405,1.7824009524965299,0.062000000000001165,8
N3447,83054,23.107200000000002,1.7836177651907488,-0.11800000000000033,8
N3447,96343,22.9054,1.800166990201364,0.13899999999999935,8
N3447,105631,23.3171,1.804548308388056,-0.06600000000000072,8
N3447,110021,23.1519,1.8085485512404054,0.18399999999999928,8
N3447,123558,23.1265,1.808616035426992,-0.09999999999999964,8
N3447,27563,23.4229,1.8487431818956837,-0.007999999999999119,8
N3447,127497,22.9161,1.854973673726417,-0.1070000000000011,8
N3447,128639,23.2089,1.8603380065709938,-0.0990000000000002,8
N3972,113714,24.9059,1.1869563354654122,0.41300000000000026,9
N3972,245430,24.643099999999997,1.1889284837608534,0.28800000000000026,9
N3972,191489,24.921,1.1978316933289028,0.4870000000000001,9
N3972,46978,25.4088,1.2111205412580495,0.3200000000000003,9
N3972,68578,24.701400000000003,1.239549720840473,0.35599999999999987,9
N3972,238386,25.0137,1.2494429614425822,0.2560000000000002,9
N3972,194971,24.4872,1.2564772062416767,0.2530000000000001,9
N3972,192797,23.7514,1.2579184503140584,0.47000000000000064,9
N3972,107085,24.8302,1.2583978040955086,0.4510000000000005,9
N3972,51271,24.9464,1.2588766293721312,0.3349999999999991,9
N3972,255472,24.125500000000002,1.2685779718828432,0.472999999999999,9
N3972,63704,24.3019,1.2748503200166648,0.3689999999999998,9
N3972,249010,24.8675,1.2780673308886625,0.37299999999999933,9
N3972,116720,24.2049,1.2823955047425255,0.4429999999999996,9
N3972,65035,24.1888,1.2938043599193367,0.3810000000000002,9
N3972,249804,25.0202,1.313234291694724,0.44200000000000017,9
N3972,212645,24.892500000000002,1.3492775274679554,0.4029999999999987,9
N3972,232029,24.267000000000003,1.3516030724191288,0.45700000000000074,9
N3972,141027,24.787000000000003,1.3774883833761327,0.3719999999999999,9
N3972,617595,24.4932,1.395675785269936,0.49799999999999933,9
N3972,72249,24.828300000000002,1.3981136917305026,0.3960000000000008,9
N3972,221018,23.9208,1.398634324538392,0.5069999999999997,9
N3972,63605,24.0894,1.4191293077419758,0.32099999999999973,9
N3972,187890,23.7862,1.4340896384178907,0.2870000000000008,9
N3972,245108,23.6386,1.4718781993072905,0.43599999999999994,9
N3972,165764,24.1322,1.4801507252732804,0.4920000000000009,9
N3972,264308,23.8871,1.5029730590656314,0.3979999999999997,9
N3972,242318,23.1865,1.5055569386638217,0.49799999999999933,9
N3972,112666,24.1484,1.5240064455573725,0.4580000000000002,9
N3972,91666,23.6882,1.5622928644564746,0.43100000000000094,9
N3972,157150,23.997000000000003,1.5634810853944108,0.27999999999999936,9
N3972,212410,24.3241,1.5953859808091417,0.49299999999999855,9
N3972,89743,22.9421,1.6638892986226614,0.4640000000000004,9
N3972,141043,23.666,1.6657685507193798,0.5890000000000004,9
N3972,52275,23.157899999999998,1.7314275870509481,0.33000000000000007,9
N3972,267342,23.117800000000003,1.7337588355872027,0.3719999999999999,9
N3972,119395,23.008300000000002,1.7471786713601645,0.5579999999999998,9
N3972,165588,22.958399999999997,1.7635777244666453,0.16699999999999982,9
N3972,200784,22.6202,1.7965743332104296,0.5990000000000002,9
N3972,105087,23.246699999999997,1.816241299991783,0.4800000000000004,9
N3972,157573,23.4566,1.8166389448984614,0.6739999999999995,9
N3972,237600,22.8514,1.8484970180903666,0.4640000000000004,9
N3982,35102,24.3794,1.330007700872759,0.33999999999999986,10
N3982,16746,24.7083,1.3354579006893843,0.06600000000000072,10
N3982,14652,23.228900000000003,1.450557009418329,0.2599999999999998,10
N3982,35316,23.9743,1.4733409641859354,0.2320000000000011,10
N3982,72633,23.7866,1.5122840632818535,-0.20199999999999996,10
N3982,16117,23.7813,1.529045170765769,0.3019999999999996,10
N3982,10406,24.1449,1.5341530741850626,0.012000000000000455,10
N3982,69280,23.7484,1.5875987297212448,-0.23000000000000043,10
N3982,67799,24.0177,1.6068111469189634,-0.08200000000000074,10
N3982,10346,23.5967,1.6069185259482912,0.13299999999999912,10
N3982,82298,23.9329,1.619927710291468,0.12899999999999956,10
N3982,32060,23.6702,1.671913012441587,0.3550000000000004,10
N3982,10837,23.6366,1.6763277338813203,0.16999999999999993,10
N3982,52860,23.5352,1.7209031708134575,0.3949999999999996,10
N3982,72603,23.305899999999998,1.7606486195813562,-0.19899999999999984,10
N3982,26154,22.9064,1.9206450014067875,0.4139999999999997,10
N4038,59401,23.6121,1.6043340731029112,0.38400000000000034,11
N4038,56965,23.3136,1.6072405038317428,0.39400000000000013,11
N4038,67110,23.2435,1.6135247028536523,0.35799999999999876,11
N4038,75207,23.041999999999998,1.6557145496187098,0.32200000000000095,11
N4038,77376,22.6886,1.7253398159097373,0.2710000000000008,11
N4038,12435,23.597,1.7363965022766426,0.43100000000000094,11
N4038,4633,23.1224,1.7579271831133292,0.3490000000000002,11
N4038,62538,22.5255,1.8596185787721804,0.3249999999999993,11
N4038,67639,22.221999999999998,1.8629657589777624,0.40700000000000003,11
N4038,69575,21.4301,1.9044991553978199,0.38599999999999923,11
N4038,8342,22.739,1.9688097139128582,0.3949999999999996,11
N4038,67811,21.9862,1.9711366294768062,0.277000000000001,11
N4038,13068,21.8187,1.9872639541222354,0.4339999999999993,11
N4424,66790,23.8235,1.3400473176613932,0.4299999999999997,12
N4424,37604,23.9924,1.4568213480215986,0.3979999999999997,12
N4424,44183,22.0515,1.561101383649056,0.4339999999999993,12
N4536,38858,23.902299999999997,1.2068258760318498,0.17600000000000016,13
N4536,68306,24.3563,1.2397998184470986,0.31899999999999906,13
N4536,72777,24.0746,1.252853030979893,0.06600000000000072,13
N4536,64661,23.7453,1.2533380053261065,0.2679999999999989,13
N4536,40923,23.6754,1.2659963704950792,-0.12100000000000044,13
N4536,75137,23.9583,1.2739267801005256,-0.023999999999999133,13
N4536,38963,23.7813,1.2837533833325265,-0.08699999999999974,13
N4536,69821,23.9012,1.3038437748886544,-0.0070000000000014495,13
N4536,33174,24.1869,1.3178544893314692,-0.09999999999999964,13
N4536,60845,24.447599999999998,1.333850145102545,0.20199999999999996,13
N4536,36586,24.223699999999997,1.3378584290410944,0.08200000000000074,13
N4536,58232,23.8612,1.3394514413064407,0.15000000000000036,13
N4536,67162,23.2783,1.381295623003826,0.3439999999999994,13
N4536,51211,23.3518,1.3930484664167782,0.16300000000000026,13
N4536,49080,23.3695,1.4398062113933303,0.10200000000000031,13
N4536,49524,23.586,1.468790262099611,0.16699999999999982,13
N4536,24880,23.404799999999998,1.4721711466923633,-0.08099999999999952,13
N4536,46407,23.351300000000002,1.504742636271688,0.23000000000000043,13
N4536,41282,22.8024,1.5466660250701842,0.03200000000000003,13
N4536,56960,22.7319,1.5653755027140737,0.10100000000000087,13
N4536,55447,23.5624,1.5714759036819437,0.11700000000000088,13
N4536,70171,23.000600000000002,1.575187844927661,0.03500000000000014,13
N4536,42962,23.3477,1.5844443071651761,0.24899999999999878,13
N4536,35530,22.9866,1.632760888479439,-0.1120000000000001,13
N4536,74682,22.7013,1.646207612206685,0.2679999999999989,13
N4536,62963,22.802500000000002,1.6993173010213822,0.35999999999999943,13
N4536,42055,22.530099999999997,1.7240299729355977,-0.13899999999999935,13
N4536,47585,22.258300000000002,1.7366354976868212,-0.08200000000000074,13
N4536,71233,22.006,1.7728349272390183,0.12100000000000044,13
N4536,65517,22.3555,1.774224904868919,0.3539999999999992,13
N4536,72636,22.3854,1.8478809974453752,0.28800000000000026,13
N4536,44078,21.7071,1.9713686367914234,0.24499999999999922,13
N4536,48663,21.5049,1.9946690218255294,0.2270000000000003,13
N4639,35389,23.383699999999997,1.3330440298234871,0.39899999999999913,14
N4639,33734,24.1594,1.3475251599986895,0.22499999999999964,14
N4639,46993,23.9407,1.4065401804339552,0.3160000000000007,14
N4639,41122,23.3553,1.4117880045438689,0.41799999999999926,14
N4639,64316,24.1106,1.4337698339248657,0.3620000000000001,14
N4639,39422,23.6559,1.4857214264815801,0.4499999999999993,14
N4639,78588,23.9758,1.4891143693789193,0.27399999999999913,14
N4639,105055,23.949299999999997,1.506234359612126,0.14499999999999957,14
N4639,44462,23.691,1.5122840632818535,0.4989999999999988,14
N4639,45055,23.577,1.5130843604651443,0.5060000000000002,14
N4639,107795,24.404700000000002,1.5195655008805091,0.21899999999999942,14
N4639,89925,24.3805,1.524396122103842,0.2159999999999993,14
N4639,27312,23.7276,1.5327543789924978,0.2270000000000003,14
N4639,87883,22.9247,1.6117233080073419,0.34299999999999997,14
N4639,114011,23.0,1.6147917919564174,0.2110000000000003,14
N4639,26954,23.5365,1.6595359071542164,0.2270000000000003,14
N4639,84641,22.9675,1.6810602436318118,0.33699999999999974,14
N4639,76749,23.0807,1.683677298818692,0.42600000000000016,14
N4639,86917,23.488300000000002,1.6893976628212823,0.05600000000000094,14
N4639,91692,22.853099999999998,1.7005306569785916,0.42900000000000027,14
N4639,115343,23.7619,1.731346975545955,0.18900000000000006,14
N4639,47978,23.687,1.7448403967853792,0.2859999999999996,14
N4639,66107,22.6041,1.7481104674949839,0.2940000000000005,14
N4639,95301,22.171,1.774224904868919,0.4220000000000006,14
N4639,36973,22.8856,1.9085386321719595,0.3949999999999996,14
N5584,889136,24.2454,1.317436496535099,0.09399999999999942,15
N5584,787283,25.0458,1.3236645356081003,0.30799999999999983,15
N5584,589456,23.925,1.3306166672944384,0.34999999999999964,15
N5584,648122,25.3566,1.355643050220869,0.21499999999999986,15
N5584,549585,24.6111,1.3602146132953523,0.347999999999999,15
N5584,534937,24.6186,1.3681008517093514,-0.038000000000000256,15
N5584,340379,25.0337,1.371990911464915,0.24399999999999977,15
N5584,82928,24.341700000000003,1.3854275148051305,-0.013999999999999346,15
N5584,892554,23.741999999999997,1.3984608496082234,0.1509999999999998,15
N5584,912240,24.6977,1.3991543339582164,0.16699999999999982,15
N5584,740028,24.4006,1.4077307280263354,0.34500000000000064,15
N5584,550434,24.5018,1.4080702858871854,-0.009999999999999787,15
N5584,852752,23.810200000000002,1.4209454059219722,0.1850000000000005,15
N5584,563696,24.7254,1.426023015689876,0.2629999999999999,15
N5584,602554,24.3471,1.426836453803508,0.1620000000000008,15
N5584,298430,24.3747,1.4398062113933303,0.08099999999999952,15
N5584,927325,23.968999999999998,1.4451369687133042,0.10500000000000043,15
N5584,281768,24.5052,1.4507108781469193,0.19200000000000017,15
N5584,230093,24.0915,1.4527062265110289,0.1379999999999999,15
N5584,412396,24.5052,1.4604467838807205,0.25099999999999945,15
N5584,1073816,23.9483,1.4699692094999595,0.009999999999999787,15
N5584,511109,24.084200000000003,1.4772659954248526,0.37899999999999956,15
N5584,504490,24.202299999999997,1.4781334281005176,0.41600000000000037,15
N5584,378235,24.123,1.4795753101749884,-0.06600000000000072,15
N5584,521128,23.8571,1.480868923687168,0.3650000000000002,15
N5584,464626,24.206,1.4815859363676223,0.24600000000000044,15
N5584,918325,24.4111,1.4842998393467859,0.1529999999999987,15
N5584,811974,23.6983,1.4923412532549745,0.1070000000000011,15
N5584,220248,23.9477,1.496514518697745,0.12100000000000044,15
N5584,513372,23.6154,1.5050142400841071,0.2970000000000006,15
N5584,157119,23.511100000000003,1.529045170765769,0.05299999999999905,15
N5584,763038,24.540000000000003,1.5314789170422551,0.29499999999999993,15
N5584,493790,24.2706,1.537063142781617,0.3929999999999989,15
N5584,200467,24.1032,1.545059584694003,0.07399999999999984,15
N5584,253461,23.5655,1.5596672783880576,0.11399999999999899,15
N5584,390652,23.8223,1.5621738633646483,0.20899999999999963,15
N5584,738261,23.7038,1.5628873812938793,0.3179999999999996,15
N5584,191706,24.044700000000002,1.5632437011403981,0.03700000000000081,15
N5584,606041,23.4299,1.5669086552268034,0.1769999999999996,15
N5584,1015181,23.6947,1.570192561095726,0.06899999999999906,15
N5584,550433,23.5849,1.5802405082653763,0.0039999999999995595,15
N5584,605531,24.1848,1.5806969397124366,0.2810000000000006,15
N5584,513827,24.0643,1.5821770376884088,0.42900000000000027,15
N5584,449157,24.6082,1.585347911094591,0.33999999999999986,15
N5584,727892,23.9924,1.5872618496925341,0.07000000000000028,15
N5584,571414,23.4424,1.5928426831311002,0.2779999999999987,15
N5584,238461,24.0138,1.592953571547866,0.13100000000000023,15
N5584,175413,24.0259,1.5957166199434245,0.04899999999999949,15
N5584,715986,23.6432,1.6016254795539446,0.19700000000000095,15
N5584,810216,24.422500000000003,1.607669436688243,0.24499999999999922,15
N5584,374736,23.8801,1.6182573448404014,0.22000000000000064,15
N5584,411135,23.6006,1.638189640190837,0.30799999999999983,15
N5584,97566,23.4526,1.638389407665336,-0.002000000000000668,15
N5584,543151,23.212,1.6429588794097907,0.3229999999999986,15
N5584,1031574,23.6477,1.6649238934380817,0.0470000000000006,15
N5584,478350,23.6326,1.6698745024898025,0.2810000000000006,15
N5584,775000,23.3444,1.680698029697635,0.11999999999999922,15
N5584,610213,23.2349,1.683137131483007,0.3520000000000003,15
N5584,295981,23.952299999999997,1.6904618932461783,0.19700000000000095,15
N5584,766511,23.739,1.6932871570056556,0.03200000000000003,15
N5584,858989,22.886,1.714078164981856,0.2159999999999993,15
N5584,502797,23.0884,1.7154183225950563,0.34500000000000064,15
N5584,549082,23.530099999999997,1.7174208367223749,0.42600000000000016,15
N5584,673309,22.9849,1.7288405683399715,0.18100000000000094,15
N5584,473829,23.0177,1.741466761769755,0.1620000000000008,15
N5584,823580,23.0761,1.7495044238761424,0.25,15
N5584,111577,23.4475,1.7537362221750101,0.016000000000000014,15
N5584,628911,22.9936,1.7622282842864745,0.2129999999999992,15
N5584,329366,23.9361,1.7703364410951492,0.1039999999999992,15
N5584,607520,23.194200000000002,1.7785130117389247,0.21799999999999997,15
N5584,715226,23.5572,1.782114147479071,0.3539999999999992,15
N5584,143986,23.530800000000003,1.7823292689968369,0.0470000000000006,15
N5584,656817,22.884700000000002,1.791971201020768,0.21199999999999974,15
N5584,185292,23.4482,1.800166990201364,0.04299999999999926,15
N5584,325206,23.6018,1.806790271584067,0.2140000000000004,15
N5584,801059,23.030099999999997,1.8541237821011671,0.20800000000000018,15
N5584,354807,23.1648,1.8726806071519297,0.266,15
N5584,172880,22.6749,1.9002578584377776,0.08000000000000007,15
N5584,395114,23.0572,1.9095560292411753,0.28999999999999915,15
N5584,735368,22.6507,1.9104109399146882,0.08300000000000018,15
N5584,449432,22.9071,1.9299805905155147,0.17600000000000016,15
N5584,325718,22.598399999999998,1.9469923407483722,0.14400000000000013,15
N5584,835998,22.4503,1.9901167660679044,0.1509999999999998,15
N5917,88189,24.7396,1.4144719496293028,-0.08300000000000018,16
N5917,89734,24.8838,1.4315245841874509,-0.08300000000000018,16
N5917,50361,24.920099999999998,1.4546924492394768,-0.08300000000000018,16
N5917,91654,25.050600000000003,1.4598446423882079,-0.08300000000000018,16
N5917,77968,24.6752,1.5282737771670438,-0.08300000000000018,16
N5917,72879,24.685599999999997,1.5314789170422551,-0.08300000000000018,16
N5917,89558,23.6479,1.6030360562505217,-0.08300000000000018,16
N5917,90338,23.681900000000002,1.6657685507193798,-0.08300000000000018,16
N5917,67012,23.3914,1.6885977750811698,-0.08300000000000018,16
N5917,90591,24.3136,1.701481635620927,-0.08300000000000018,16
N5917,89192,24.3346,1.7017406324372124,-0.08300000000000018,16
N5917,90900,23.3696,1.7052648623174043,-0.08300000000000018,16
N5917,63856,24.2388,1.7259116322950483,-0.08300000000000018,16
N7250,62596,24.750899999999998,1.1778249718646818,-0.054999999999999716,17
N7250,53424,23.622700000000002,1.182414652434554,-0.054999999999999716,17
N7250,53246,24.771700000000003,1.1832698436828046,-0.054999999999999716,17
N7250,59147,24.3783,1.2008504980910775,-0.054999999999999716,17
N7250,50347,24.9556,1.2415464805965484,-0.054999999999999716,17
N7250,82978,23.9186,1.2457593559672768,-0.054999999999999716,17
N7250,90075,24.780099999999997,1.2641091563058084,-0.054999999999999716,17
N7250,95831,24.3001,1.2674064187529042,-0.054999999999999716,17
N7250,101673,24.805899999999998,1.2873537727147466,-0.054999999999999716,17
N7250,42190,24.060200000000002,1.3003780648707026,-0.054999999999999716,17
N7250,87719,24.6115,1.308991029000164,-0.054999999999999716,17
N7250,88749,24.4471,1.310480891462675,-0.054999999999999716,17
N7250,2069078,24.924400000000002,1.3240765797394864,-0.054999999999999716,17
N7250,101740,24.3098,1.4514794051248618,-0.054999999999999716,17
N7250,58876,23.9235,1.5399538416563967,-0.054999999999999716,17
N7250,60122,23.0156,1.5570257223863833,-0.054999999999999716,17
N7250,100204,23.194799999999997,1.6232492903979006,-0.054999999999999716,17
N7250,53816,23.4884,1.6384892569546374,-0.054999999999999716,17
N7250,45708,23.3949,1.7317498835272633,-0.054999999999999716,17
N7250,66279,22.489,1.784189205380961,-0.054999999999999716,17
N7250,84523,22.360899999999997,1.8650447216930992,-0.054999999999999716,17
N7250,49008,22.6796,1.919601023784111,-0.054999999999999716,17
U9391,117519,25.4579,1.4104397862103466,0.1529999999999987,18
U9391,133794,25.2435,1.4121244061733171,0.18900000000000006,18
U9391,143428,24.7819,1.4380674504534938,0.22000000000000064,18
U9391,150943,26.0099,1.446381812222442,0.07299999999999862,18
U9391,160198,24.2867,1.4522465745204372,0.2530000000000001,18
U9391,205995,25.8746,1.455453968778628,0.16499999999999915,18
U9391,139135,25.3099,1.4869968884318225,0.08099999999999952,18
U9391,104081,25.297800000000002,1.504470862494419,0.12399999999999878,18
U9391,141824,25.2476,1.5145477526602862,0.031000000000000583,18
U9391,98757,25.7417,1.5384480517102173,0.04499999999999993,18
U9391,207830,25.357599999999998,1.5475285764597821,-0.14100000000000001,18
U9391,212578,24.7011,1.5504729571065634,0.07399999999999984,18
U9391,141458,25.0071,1.569958818096594,0.057000000000000384,18
U9391,171843,24.451999999999998,1.5761108941208397,0.09399999999999942,18
U9391,122299,25.002,1.5919545550467356,0.22499999999999964,18
U9391,124125,25.28,1.6012993101943376,0.07399999999999984,18
U9391,168368,24.621199999999998,1.6353832040474985,0.21499999999999986,18
U9391,194365,25.2542,1.6400837313731202,0.24499999999999922,18
U9391,165258,25.4008,1.648164778574001,0.17799999999999905,18
U9391,118457,24.8796,1.652149605401653,-0.022999999999999687,18
U9391,210838,24.1712,1.6550423413312016,0.15000000000000036,18
U9391,178622,24.0108,1.716170347859854,0.3279999999999994,18
U9391,147432,24.8673,1.7246853882373594,0.34500000000000064,18
U9391,187232,24.773699999999998,1.74170298395774,0.27999999999999936,18
U9391,201082,24.6676,1.7553411838115476,0.0519999999999996,18
U9391,129389,23.9006,1.8483738838446018,0.25200000000000067,18
U9391,180785,23.8461,1.853211334503317,0.2029999999999994,18
U9391,169515,23.9508,1.9190257645873603,0.2859999999999996,18
N4258,F13,22.236,1.1705550585212086,0.12700000000000067,19
N4258,F16,21.721999999999998,1.3001605369513523,0.16600000000000037,19
N4258,F33,20.9009,1.7851874200293618,0.12599999999999945,19
N4258,F29,22.4996,1.428620672671939,0.2029999999999994,19
N4258,F20,21.9849,1.4899584794248346,0.20700000000000074,19
N4258,F12,20.5408,1.7595923086459748,0.22299999999999898,19
N4258,F11,22.145500000000002,1.2268575702887234,0.14400000000000013,19
N4258,C068,21.8631,1.4940153747571439,0.11599999999999966,19
N4258,C056,21.8514,1.327563260187278,0.1120000000000001,19
N4258,MO021853,24.2824,0.7892986111594411,0.08900000000000041,19
N4258,MO023973,24.2464,0.8620120512502166,0.09500000000000064,19
N4258,C015,23.217599999999997,0.9340942683554804,0.08099999999999952,19
N4258,MO024025,23.5794,0.9639766099966058,0.09500000000000064,19
N4258,MO022252,23.4566,0.9919787909945836,0.08999999999999986,19
N4258,C053,22.740000000000002,1.2629254693318317,0.07499999999999929,19
N4258,F01,21.8249,1.3756636139608853,0.09500000000000064,19
N4258,C070,21.613699999999998,1.5092025223311027,0.05799999999999983,19
N4258,MO028606,21.1472,1.641275757231913,0.10899999999999999,19
N4258,C082,21.0448,1.6585837154070628,0.08399999999999963,19
N4258,C089,20.4595,1.9204364065507586,0.08300000000000018,19
N4258,MI144755,22.7149,1.08278537031645,0.1509999999999998,19
N4258,F10,21.5154,1.5923988461155638,0.11899999999999977,19
N4258,MI100117,23.4499,0.8323811602470408,0.21499999999999986,19
N4258,MI085481,23.665399999999998,0.8605775512444155,0.24099999999999966,19
N4258,MI089375,22.4465,1.1020905255118367,0.2320000000000011,19
N4258,F02,21.9015,1.3588862044058692,0.1529999999999987,19
N4258,C033,23.445,1.0425755124401905,0.16000000000000014,19
N4258,F28,22.427200000000003,1.2521245525056444,0.19299999999999962,19
N4258,F06,21.190299999999997,1.5814945422908993,0.15499999999999936,19
N4258,MI099443,23.4906,0.7978904830583489,0.25,19
N4258,MI097361,23.5001,0.8172347304254982,0.2569999999999997,19
N4258,MI112093,24.180600000000002,0.8591983615338774,0.2560000000000002,19
N4258,MI020604,23.7577,0.882353746388714,0.22499999999999964,19
N4258,MI115906,23.063,0.8998751960210106,0.25099999999999945,19
N4258,MI118600,23.3736,0.9018940319738208,0.24799999999999933,19
N4258,MI097498,23.5883,0.9958983236464373,0.2710000000000008,19
N4258,MI110213,22.5808,1.0644579892269184,0.25099999999999945,19
N4258,MI100093,22.9011,1.0737183503461227,0.25200000000000067,19
N4258,MI113982,23.1988,1.0788191830988487,0.24600000000000044,19
N4258,MI058469,22.4013,1.1095785469043866,0.2560000000000002,19
N4258,MI099783,22.4706,1.1583624920952498,0.24099999999999966,19
N4258,MI084851,22.790000000000003,1.160768561861128,0.2240000000000002,19
N4258,MI122858,22.602899999999998,1.1640552918934517,0.24099999999999966,19
N4258,MI099411,22.859499999999997,1.2324878663529861,0.26200000000000045,19
N4258,MI095003,22.6667,1.3100557377508915,0.2469999999999999,19
N4258,MI105183,22.0572,1.3596457926745429,0.266,19
N4258,MI103070,22.049,1.3937506403480804,0.2679999999999989,19
N4258,MI099756,22.116,1.453624073591451,0.24899999999999878,19
N4258,MI097135,21.8014,1.4940153747571439,0.2629999999999999,19
N4258,MI101120,24.7089,0.7338390006971494,0.254999999999999,19
N4258,MI244397,24.121100000000002,0.7423322823571483,0.2759999999999998,19
N4258,MI062339,23.546499999999998,0.8108371511404883,0.2729999999999997,19
N4258,MI032080,23.8782,0.8168376309020351,0.25,19
N4258,MI090883,24.2558,0.854973673726417,0.26699999999999946,19
N4258,MI052829,22.8295,0.883263859584974,0.2870000000000008,19
N4258,MI062955,24.0282,0.9140256516963287,0.28800000000000026,19
N4258,MI055978,23.4877,0.9148189804474731,0.31200000000000117,19
N4258,MI092388,23.130200000000002,0.9268567089496923,0.26099999999999923,19
N4258,MI098042,23.2277,0.9740509027928773,0.26399999999999935,19
N4258,MI025760,23.4318,0.9860547807696952,0.32699999999999996,19
N4258,MI064217,23.0471,0.9900723346921529,0.2859999999999996,19
N4258,MI025811,22.9283,1.028977705208778,0.32899999999999885,19
N4258,MI091209,23.0429,1.0297894708318556,0.28200000000000003,19
N4258,MI091129,22.9171,1.030599721965951,0.2779999999999987,19
N4258,MI057246,22.7059,1.039017321997412,0.2870000000000008,19
N4258,MI051416,23.0729,1.04766419460156,0.2870000000000008,19
N4258,MI084547,22.9729,1.065206128054312,0.28800000000000026,19
N4258,MI061828,22.9326,1.0659529803138696,0.277000000000001,19
N4258,MI074725,22.6135,1.077731179652392,0.29499999999999993,19
N4258,MI059576,23.526600000000002,1.0902580529313164,0.30799999999999983,19
N4258,MI089618,22.8601,1.0937717814987298,0.28200000000000003,19
N4258,MI021703,23.462,1.142389466118836,0.32699999999999996,19
N4258,MI175464,23.0685,1.1445742076096164,0.32899999999999885,19
N4258,MI090355,23.0671,1.1622656142980214,0.2759999999999998,19
N4258,MI029222,23.1535,1.1661339703051092,0.33000000000000007,19
N4258,MI017153,23.208000000000002,1.1740598077250255,0.3349999999999991,19
N4258,MI034667,22.319499999999998,1.1978316933289028,0.32200000000000095,19
N4258,MI006616,22.7571,1.2052043639481447,0.34500000000000064,19
N4258,MI060978,23.2314,1.2065560440990295,0.2919999999999998,19
N4258,MI040434,22.246699999999997,1.2087100199064011,0.32200000000000095,19
N4258,MI049332,23.0499,1.209783014848515,0.30100000000000016,19
N4258,MI019414,22.731199999999998,1.2148438480476977,0.3260000000000005,19
N4258,MI075254,22.389499999999998,1.224014811372864,0.2940000000000005,19
N4258,MI038988,22.93,1.250420002308894,0.30600000000000094,19
N4258,MI031478,22.1188,1.2591158441850663,0.3229999999999986,19
N4258,MI014775,21.9299,1.2757719001649315,0.3379999999999992,19
N4258,MI179138,23.0643,1.291590825658001,0.32699999999999996,19
N4258,MI001824,22.3783,1.3178544893314692,0.3420000000000005,19
N4258,MI034408,21.564700000000002,1.3354579006893843,0.3200000000000003,19
N4258,MI023741,22.558,1.3508292735829677,0.3330000000000002,19
N4258,MI044839,22.1307,1.354108439147401,0.3000000000000007,19
N4258,MI104131,21.9171,1.3602146132953523,0.26500000000000057,19
N4258,MI046945,21.801199999999998,1.366982975977851,0.2989999999999995,19
N4258,MI043119,21.625300000000003,1.3818367999983434,0.30100000000000016,19
N4258,MI008361,21.671999999999997,1.3827372657613304,0.3390000000000004,19
N4258,MI030136,21.746100000000002,1.3935752032695876,0.32200000000000095,19
N4258,MI037683,22.032700000000002,1.4219328132785085,0.3160000000000007,19
N4258,MI106960,22.247700000000002,1.4274861090957855,0.2599999999999998,19
N4258,MI009241,21.9605,1.4292676664331685,0.3279999999999994,19
N4258,MI014316,21.5566,1.4473131088235682,0.33399999999999963,19
N4258,MI083857,21.0905,1.4762517960070336,0.27200000000000024,19
N4258,MI036217,22.372,1.490099005063305,0.3200000000000003,19
N4258,MI062769,21.457,1.498999363580153,0.30600000000000094,19
N4258,MI017423,21.6967,1.5039268041935103,0.3330000000000002,19
N4258,MI049279,21.4465,1.5083950331330531,0.2889999999999997,19
N4258,MI029058,21.459400000000002,1.5332635167787148,0.3179999999999996,19
N4258,MI189390,21.353,1.5439439424829065,0.29499999999999993,19
N4258,MI017369,21.177200000000003,1.5456781497920256,0.3179999999999996,19
N4258,MI034159,21.206,1.5901728315963144,0.3149999999999995,19
N4258,MI008480,21.1282,1.5922878159521308,0.33000000000000007,19
N4258,MI032759,21.4342,1.5945030438200891,0.26900000000000013,19
N4258,MI000475,21.6895,1.6001012556913907,0.27200000000000024,19
N4258,MI077610,20.913600000000002,1.6459132750338443,0.28500000000000014,19
N4258,C085,21.2195,1.7151673578484579,0.2970000000000006,19
N4258,MI114689,23.9934,0.7137424784090824,0.21899999999999942,19
N4258,MI131488,23.7135,0.7156691424009903,0.18299999999999983,19
N4258,MI140072,23.7735,0.825945143203848,0.10500000000000043,19
N4258,MI098134,23.347,0.8643330550333931,0.23299999999999876,19
N4258,C016,23.3788,0.9350031514536548,0.062000000000001165,19
N4258,MI125587,23.8018,0.9895832893110051,0.17099999999999937,19
N4258,MI145186,23.1517,1.0310042813635367,0.11100000000000065,19
N4258,C034,23.3799,1.044539760392411,0.1070000000000011,19
N4258,MI106997,23.0582,1.1858253596129622,0.2370000000000001,19
N4258,MI144134,22.461199999999998,1.1928461151888416,0.11500000000000021,19
N4258,MI138294,22.213,1.2100508498751372,0.17300000000000004,19
N4258,MI143829,22.6173,1.2268575702887234,0.08000000000000007,19
N4258,MI121078,22.3495,1.255995726722402,0.23499999999999943,19
N4258,MI116159,22.811799999999998,1.3308194664958368,0.24200000000000088,19
N4258,MI117779,24.4858,0.7311050512159204,0.2400000000000002,19
N4258,MI083918,24.8045,0.8014723135214711,0.2110000000000003,19
N4258,MI112780,23.8758,0.8598585204809929,0.24099999999999966,19
N4258,MI109379,23.2836,0.8811563210755636,0.24099999999999966,19
N4258,MI095711,23.0425,1.044539760392411,0.2289999999999992,19
N4258,C039,23.116600000000002,1.1169396465507557,0.15000000000000036,19
N4258,C051,22.806,1.2445245115700838,0.1739999999999995,19
N4258,MI121312,22.7901,1.245018870737753,0.2270000000000003,19
N4258,C054,22.9553,1.2678754193188977,0.19200000000000017,19
N4258,MI118782,22.1165,1.4122925093230465,0.23399999999999999,19
N4258,C024,22.9595,0.9720175986740154,0.14000000000000057,19
