Galaxy,Star,Wesenheit Magnitude,Log Period,Relative Metallicity,Galaxy Code
AndI,V001,23.9126,-0.24158947483392126,-1.44,0
AndI,V002,24.02168,-0.24448438942364206,-1.44,0
AndI,V004,23.96252,-0.21345149673652009,-1.44,0
AndI,V005,23.974759999999996,-0.23271954143623078,-1.44,0
AndI,V008,23.596539999999997,-0.10669783386166937,-1.44,0
AndI,V010,24.029120000000002,-0.23650851359517824,-1.44,0
AndI,V011,24.236179999999997,-0.32030526423224315,-1.44,0
AndI,V012,23.733819999999998,-0.2052142295923064,-1.44,0
AndI,V013,24.025019999999998,-0.2884836799216115,-1.44,0
AndI,V015,23.5814,-0.15056150081696598,-1.44,0
AndI,V016,23.704960000000003,-0.19163611732136876,-1.44,0
AndI,V017,23.82796,-0.19486944596370673,-1.44,0
AndI,V019,24.03498,-0.24988085110948544,-1.44,0
AndI,V020,24.002499999999998,-0.2394480303852417,-1.44,0
AndI,V021,24.015380000000004,-0.2757599410428504,-1.44,0
AndI,V022,23.843920000000004,-0.19393309414627688,-1.44,0
AndI,V023,23.72238,-0.2095739615794216,-1.44,0
AndI,V024,23.86904,-0.2462027781317149,-1.44,0
AndI,V025,23.856939999999998,-0.19162733996492437,-1.44,0
AndI,V027,23.92286,-0.2741754647812661,-1.44,0
AndI,V029,24.0073,-0.28080694812850476,-1.44,0
AndI,V030,23.874159999999996,-0.21337766610649078,-1.44,0
AndI,V031,23.948119999999996,-0.24389000089633725,-1.44,0
AndI,V032,23.9474,-0.24158947483392126,-1.44,0
AndI,V033,23.91546,-0.22558089026571357,-1.44,0
AndI,V035,23.947419999999997,-0.22638837719925203,-1.44,0
AndI,V036,24.06074,-0.5473675370469545,-1.44,0
AndI,V037,24.02824,-0.2569949579057849,-1.44,0
AndI,V038,24.106180000000002,-0.27320000924117677,-1.44,0
AndI,V039,23.91566,-0.20871493967135538,-1.44,0
AndI,V040,24.053779999999996,-0.30367684469978407,-1.44,0
AndI,V041,24.043520000000004,-0.23952642915048714,-1.44,0
AndI,V042,24.0709,-0.2699922575959084,-1.44,0
AndI,V043,23.942619999999998,-0.24453395854086937,-1.44,0
AndI,V044,24.024059999999995,-0.2732106002495479,-1.44,0
AndI,V046,24.108680000000003,-0.2966225876364547,-1.44,0
AndI,V047,23.62208,-0.09375545911842634,-1.44,0
AndI,V048,22.889580000000006,-0.20008262995723772,-1.44,0
AndI,V049,24.02308,-0.2584462028817968,-1.44,0
AndI,V051,23.768059999999995,-0.17642232091210266,-1.44,0
AndI,V052,24.0631,-0.250684570863363,-1.44,0
AndI,V055,23.89608000000001,-0.22060770604433003,-1.44,0
AndI,V056,23.90088,-0.25067451518092804,-1.44,0
AndI,V057,23.699379999999998,-0.15954954021376722,-1.44,0
AndI,V059,23.874539999999996,-0.22407443383652234,-1.44,0
AndI,V060,23.864800000000002,-0.2358471828316247,-1.44,0
AndI,V062,23.732139999999998,-0.18511972159895115,-1.44,0
AndI,V063,23.52624,-0.18564749247621748,-1.44,0
AndI,V064,23.782139999999995,-0.19501980362106147,-1.44,0
AndI,V065,23.715359999999997,-0.17134993651378252,-1.44,0
AndI,V066,23.745720000000006,-0.17869965786075753,-1.44,0
AndI,V067,23.917059999999996,-0.2456656721812104,-1.44,0
AndI,V068,23.952920000000002,-0.22902073536424614,-1.44,0
AndI,V069,23.84024,-0.23873329467668594,-1.44,0
AndI,V070,23.709039999999998,-0.19346567420190877,-1.44,0
AndI,V072,23.95142,-0.2622608824456745,-1.44,0
AndI,V073,23.951880000000006,-0.23537125918248464,-1.44,0
AndI,V074,23.89854,-0.20918079388564276,-1.44,0
AndI,V075,23.966839999999994,-0.24931913097086697,-1.44,0
AndI,V076,23.683140000000005,-0.14733941952055288,-1.44,0
AndI,V077,24.149180000000005,-0.3161699299055219,-1.44,0
AndI,V078,23.728340000000003,-0.2081948697448987,-1.44,0
AndI,V079,24.022779999999997,-0.2784851135680918,-1.44,0
AndI,V080,24.06472,-0.22604619943494147,-1.44,0
AndI,V081,23.760660000000005,-0.19501980362106147,-1.44,0
AndI,V083,23.690820000000002,-0.20676560822285964,-1.44,0
AndI,V086,23.91594,-0.253985328705215,-1.44,0
AndI,V087,23.812859999999997,-0.245218590749897,-1.44,0
AndI,V088,23.582579999999997,-0.12232144743215669,-1.44,0
AndI,V089,23.680800000000005,-0.16035737136149822,-1.44,0
AndI,V090,23.5451,-0.09238439481277662,-1.44,0
AndI,V091,23.91906,-0.22704497244044755,-1.44,0
AndI,V092,23.67642,-0.15752434029903198,-1.44,0
AndI,V094,23.85676,-0.2756640702054615,-1.44,0
AndI,V095,23.45852,-0.07947580051715256,-1.44,0
AndI,V096,24.028039999999994,-0.2844109411266027,-1.44,0
AndI,V098,23.812160000000002,-0.22450972705427305,-1.44,0
AndI,V099,24.011240000000004,-0.2894721245019085,-1.44,0
AndI,V100,23.91003999999999,-0.25123799226283,-1.44,0
AndI,V101,23.816160000000004,-0.23851812533409553,-1.44,0
AndI,V103,23.685100000000002,-0.1841782496060221,-1.44,0
AndI,V104,24.04848,-0.2791502969010354,-1.44,0
AndI,V105,23.807420000000004,-0.19363318200120366,-1.44,0
AndI,V106,23.7113,-0.1924092201996126,-1.44,0
AndI,V108,23.878780000000006,-0.20103234928169933,-1.44,0
AndI,V111,24.011339999999993,-0.27132945773669054,-1.44,0
AndI,V115,23.73976,-0.20099647308396792,-1.44,0
AndI,V119,23.640060000000002,-0.15554084896156165,-1.44,0
AndI,V120,23.7921,-0.1841782496060221,-1.44,0
AndI,V121,23.831459999999996,-0.1934304176331415,-1.44,0
AndI,V122,23.60192,-0.10867289089756225,-1.44,0
AndI,V123,23.867720000000002,-0.20673834323950066,-1.44,0
AndI,V124,23.759199999999996,-0.18721728672856564,-1.44,0
AndI,V125,23.754799999999996,-0.20676560822285964,-1.44,0
AndI,V127,23.911260000000002,-0.2336371001245129,-1.44,0
AndI,V128,24.127959999999998,-0.28487850954195215,-1.44,0
AndI,V129,23.981119999999997,-0.2678424342729039,-1.44,0
AndI,V130,24.38038,-0.35198224396351857,-1.44,0
AndI,V131,23.880040000000005,-0.23820534192476306,-1.44,0
AndI,V132,23.7938,-0.20096956788043788,-1.44,0
AndI,V133,23.79713999999999,-0.19103966082347407,-1.44,0
AndI,V136,23.628739999999993,-0.16470786641505994,-1.44,0
AndI,V137,23.892620000000004,-0.21791378697460412,-1.44,0
AndI,V138,23.87716,-0.2544618182944477,-1.44,0
AndI,V139,23.923339999999996,-0.22708306639130293,-1.44,0
AndI,V140,23.89872,-0.20994001879779478,-1.44,0
AndI,V141,23.6846,-0.17153426683751014,-1.44,0
AndI,V142,23.885060000000006,-0.20918079388564276,-1.44,0
AndI,V144,23.88242,-0.2442564443269943,-1.44,0
AndI,V145,23.880300000000002,-0.20866929457503824,-1.44,0
AndI,V146,24.087359999999997,-0.2902534879711123,-1.44,0
AndI,V149,23.859440000000003,-0.21119610801008534,-1.44,0
AndI,V150,23.946180000000002,-0.25123799226283,-1.44,0
AndI,V151,23.889539999999997,-0.2453377674704007,-1.44,0
AndI,V153,23.89116,-0.2456557320364613,-1.44,0
AndI,V154,23.584960000000006,-0.1299911116456143,-1.44,0
AndI,V155,23.880959999999995,-0.2391247849920723,-1.44,0
AndI,V156,24.16338,-0.315982892531214,-1.44,0
AndI,V159,23.832500000000007,-0.20676560822285964,-1.44,0
AndI,V160,24.14138,-0.2941370742422238,-1.44,0
AndI,V161,23.986640000000005,-0.23988920764684804,-1.44,0
AndI,V163,23.882279999999998,-0.17875077993604793,-1.44,0
AndI,V164,23.994680000000002,-0.28474797468634616,-1.44,0
AndI,V165,23.700760000000002,-0.21343303790229473,-1.44,0
AndI,V166,23.91338,-0.2843022763943618,-1.44,0
AndI,V167,23.97852,-0.24848791561848235,-1.44,0
AndI,V169,24.0694,-0.26783197336905307,-1.44,0
AndI,V170,23.890020000000003,-0.2283898053697836,-1.44,0
AndI,V171,23.909139999999997,-0.23819557107213243,-1.44,0
AndI,V172,23.849319999999995,-0.2153384311118031,-1.44,0
AndI,V175,24.054940000000002,-0.26662021521946533,-1.44,0
AndI,V176,23.576539999999998,-0.14733941952055288,-1.44,0
AndI,V178,23.677039999999998,-0.1719534905820017,-1.44,0
AndI,V179,23.907420000000005,-0.2410580406370935,-1.44,0
AndI,V180,23.860480000000003,-0.22708306639130293,-1.44,0
AndI,V183,23.89678,-0.21119610801008534,-1.44,0
AndI,V184,24.061939999999993,-0.28330383450431645,-1.44,0
AndI,V187,23.884259999999998,-0.21947384970787023,-1.44,0
AndI,V188,24.042340000000003,-0.29172096281910953,-1.44,0
AndI,V189,23.959840000000003,-0.2713505489714427,-1.44,0
AndI,V190,23.97498,-0.27320000924117677,-1.44,0
AndI,V191,23.90918,-0.23265200847068804,-1.44,0
AndI,V192,24.24138,-0.3036314038837409,-1.44,0
AndI,V193,23.7809,-0.22450972705427305,-1.44,0
AndI,V194,23.907459999999997,-0.20098750449758787,-1.44,0
AndI,V195,23.947179999999996,-0.2426148136276671,-1.44,0
AndI,V196,23.80372,-0.1871738459523213,-1.44,0
AndI,V197,24.047459999999994,-0.24932915531920685,-1.44,0
AndI,V199,24.070359999999997,-0.2875303171903254,-1.44,0
AndI,V200,23.796179999999996,-0.21989518614767195,-1.44,0
AndI,V201,23.50038,-0.20866016613143187,-1.44,0
AndI,V203,23.71176,-0.1779845799501867,-1.44,0
AndI,V204,23.899639999999998,-0.23735609905252994,-1.44,0
AndI,V205,23.6851,-0.16406486351072921,-1.44,0
AndI,V207,23.84032,-0.19730811526032674,-1.44,0
AndI,V209,23.91248,-0.27565341919647124,-1.44,0
AndI,V210,24.05244,-0.2884068951081515,-1.44,0
AndI,V213,23.99942,-0.2646946385907179,-1.44,0
AndI,V215,23.80528,-0.20099647308396792,-1.44,0
AndI,V216,23.639480000000002,-0.16034920393388227,-1.44,0
AndI,V217,23.762839999999997,-0.1718612266307576,-1.44,0
AndI,V218,23.929380000000005,-0.256525874323329,-1.44,0
AndI,V219,23.826660000000004,-0.20096956788043788,-1.44,0
AndI,V220,23.988879999999998,-0.2756321179621019,-1.44,0
AndI,V221,23.59262,-0.14878441041096827,-1.44,0
AndI,V222,23.726299999999995,-0.17733861767186285,-1.44,0
AndI,V223,23.952099999999998,-0.29700279769532406,-1.44,0
AndI,V224,23.6947,-0.2283898053697836,-1.44,0
AndI,V225,23.99654,-0.25793464779078,-1.44,0
AndI,V226,24.06742,-0.3038813872298619,-1.44,0
AndI,V227,23.808680000000003,-0.20674743137710005,-1.44,0
AndI,V228,23.896979999999996,-0.2457054350354666,-1.44,0
AndI,V229,23.76574,-0.19501980362106147,-1.44,0
AndI,V230,23.746480000000002,-0.20674743137710005,-1.44,0
AndI,V231,24.063139999999994,-0.3234565923080946,-1.44,0
AndI,V232,23.760740000000006,-0.22604619943494147,-1.44,0
AndI,V233,23.89822,-0.25790397363831324,-1.44,0
AndI,V234,23.370860000000004,-0.24176676417592494,-1.44,0
AndI,V235,23.767680000000006,-0.21119610801008534,-1.44,0
AndI,V236,23.49026,-0.07514492602250226,-1.44,0
AndI,V237,23.7815,-0.19581668320162524,-1.44,0
AndI,V238,24.12088,-0.27132945773669054,-1.44,0
AndI,V240,23.785980000000002,-0.2162849816325477,-1.44,0
AndI,V241,24.006740000000004,-0.2884068951081515,-1.44,0
AndI,V242,24.120240000000006,-0.30648063221724936,-1.44,0
AndI,V243,23.294579999999996,-0.14733941952055288,-1.44,0
AndI,V244,24.014059999999997,-0.30521326700846063,-1.44,0
AndI,V246,24.025520000000004,-0.2953390443931557,-1.44,0
AndI,V247,23.93938,-0.248497920798908,-1.44,0
AndI,V248,24.02474,-0.23818580043932372,-1.44,0
AndI,V249,23.497260000000004,-0.12707639615041122,-1.44,0
AndI,V251,23.953020000000006,-0.26276722230239896,-1.44,0
AndI,V252,23.92898,-0.23847901508626457,-1.44,0
AndI,V253,23.93114,-0.23422729305727594,-1.44,0
AndI,V254,23.821759999999998,-0.18753018865404628,-1.44,0
AndI,V255,23.683799999999998,-0.20099647308396792,-1.44,0
AndI,V260,24.011959999999995,-0.3048258038229931,-1.44,0
AndI,V261,23.695960000000003,-0.18753018865404628,-1.44,0
AndI,V262,23.991740000000004,-0.2848893892177971,-1.44,0
AndI,V263,24.16486,-0.29900999955020424,-1.44,0
AndI,V264,23.92324,-0.2358471828316247,-1.44,0
AndI,V265,23.886939999999992,-0.26642205944114794,-1.44,0
AndI,V267,23.75552,-0.1718612266307576,-1.44,0
AndI,V268,23.945059999999998,-0.23821511299722534,-1.44,0
AndI,V269,23.907519999999998,-0.24453395854086937,-1.44,0
AndI,V270,23.75458,-0.22560936425966707,-1.44,0
AndI,V272,23.835020000000004,-0.20918079388564276,-1.44,0
AndI,V273,23.70142,-0.23422729305727594,-1.44,0
AndI,V274,23.736760000000007,-0.17194510214006192,-1.44,0
AndI,V275,23.6709,-0.14289182858140043,-1.44,0
AndI,V276,23.872899999999998,-0.25919415706073473,-1.44,0
AndI,V279,23.990860000000005,-0.2445438730432722,-1.44,0
AndI,V281,23.93432,0.03319037781305531,-1.44,0
AndI,V282,23.74816,-0.19730811526032674,-1.44,0
AndI,V283,23.67948,-0.1715677898490176,-1.44,0
AndI,V284,23.949479999999998,-0.2358471828316247,-1.44,0
AndI,V285,23.833759999999998,-0.224083892094808,-1.44,0
AndI,V287,23.758740000000003,-0.17524585117502264,-1.44,0
AndI,V288,23.811219999999995,-0.2107556047958051,-1.44,0
AndI,V289,23.95286,-0.25417788920875084,-1.44,0
AndI,V290,23.683840000000004,-0.22560936425966707,-1.44,0
AndI,V291,23.854599999999994,-0.25348911896279785,-1.44,0
AndI,V292,23.991060000000004,-0.23735609905252994,-1.44,0
AndI,V294,24.14788,-0.3036882056467296,-1.44,0
AndI,V297,24.1273,-0.30670938005804743,-1.44,0
AndI,V298,23.91096,-0.201014410812376,-1.44,0
AndI,V299,23.925800000000002,-0.22830384043496713,-1.44,0
AndI,V300,23.91956,-0.21767140632473972,-1.44,0
AndI,V301,23.9802,-0.256525874323329,-1.44,0
AndII,V002,23.403620000000004,-0.21511601283817183,-1.3,1
AndII,V003,23.430719999999997,-0.223554546594107,-1.3,1
AndII,V004,23.412139999999997,-0.19157467955124255,-1.3,1
AndII,V005,23.29162,-0.12720502003879794,-1.3,1
AndII,V006,23.41928,-0.2399480651579251,-1.3,1
AndII,V007,23.51466,-0.22232819052936678,-1.3,1
AndII,V008,23.498800000000003,-0.2114165272808669,-1.3,1
AndII,V011,23.444939999999995,-0.08395988528531552,-1.3,1
AndII,V012,23.329780000000003,-0.19404782119328168,-1.3,1
AndII,V014,23.62876,-0.2082039884135664,-1.3,1
AndII,V015,23.863360000000004,-0.2360318650693972,-1.3,1
AndII,V016,23.958819999999996,-0.2544212456299523,-1.3,1
AndII,V018,23.896179999999998,-0.24239771306640515,-1.3,1
AndII,V019,23.649099999999997,-0.19251475002916077,-1.3,1
AndII,V020,23.298419999999997,-0.1333090687734599,-1.3,1
AndII,V021,23.604100000000003,-0.20006473067226227,-1.3,1
AndII,V022,23.531599999999997,-0.17778898996046086,-1.3,1
AndII,V023,23.73272,-0.21337766610649078,-1.3,1
AndII,V024,23.591959999999997,-0.16149414093013162,-1.3,1
AndII,V026,23.5552,-0.20320839135741064,-1.3,1
AndII,V027,23.666059999999998,-0.1676879714706446,-1.3,1
AndII,V028,23.518359999999994,-0.3488068376679753,-1.3,1
AndII,V030,23.658300000000004,-0.23506073318048956,-1.3,1
AndII,V031,23.868519999999997,-0.24837787384392468,-1.3,1
AndII,V032,23.52754,-0.11377856716910571,-1.3,1
AndII,V033,23.592039999999997,-0.20889756804553627,-1.3,1
AndII,V035,23.655320000000003,-0.19550661181657097,-1.3,1
AndII,V036,23.597220000000004,-0.22817969889540246,-1.3,1
AndII,V037,23.50242,-0.21052635287188023,-1.3,1
AndII,V038,23.451640000000005,-0.20032434253578976,-1.3,1
AndII,V039,23.4139,-0.1934304176331415,-1.3,1
AndII,V043,23.88698,-0.3123516720622389,-1.3,1
AndII,V044,23.1797,-0.11192629573080166,-1.3,1
AndII,V045,23.3503,-0.1594354226418912,-1.3,1
AndII,V046,23.640939999999993,-0.22082356768567915,-1.3,1
AndII,V047,23.317480000000003,-0.1997337268956546,-1.3,1
AndII,V048,23.316560000000003,-0.14374783745604053,-1.3,1
AndII,V049,23.40658,-0.14514147469564906,-1.3,1
AndII,V051,23.484519999999993,-0.220382573446284,-1.3,1
AndII,V054,23.776199999999996,-0.3210377431820166,-1.3,1
AndII,V055,23.53352,-0.22424471400955445,-1.3,1
AndII,V056,23.4886,-0.23978132292258897,-1.3,1
AndII,V057,23.69536,-0.2694249294512917,-1.3,1
AndII,V058,23.70408,-0.2848893892177971,-1.3,1
AndII,V059,23.299899999999997,-0.12362537811397764,-1.3,1
AndII,V060,23.395439999999997,-0.16956097528359648,-1.3,1
AndII,V061,23.39534,-0.17764448004034833,-1.3,1
AndII,V062,23.55531999999999,-0.25698475504729823,-1.3,1
AndII,V063,23.402379999999994,-0.20983016923178102,-1.3,1
AndII,V064,23.37642,-0.16036553894271519,-1.3,1
AndII,V066,23.580780000000004,-0.2694249294512917,-1.3,1
AndII,V067,23.36386,-0.19020774526124043,-1.3,1
AndII,V068,23.600620000000006,-0.2648712276764641,-1.3,1
AndII,V069,23.630300000000002,-0.22426363815068756,-1.3,1
AndII,V071,23.647420000000004,-0.2744621561204461,-1.3,1
AndII,V072,23.527880000000003,-0.2379806679116755,-1.3,1
AndII,V074,23.434539999999995,-0.22340342345292766,-1.3,1
AndII,V075,23.58644,-0.2893511938624041,-1.3,1
AndII,V077,23.4598,-0.20983016923178102,-1.3,1
AndII,V078,23.482799999999997,-0.23260377706677882,-1.3,1
AndII,V079,23.463739999999998,-0.23259413142873536,-1.3,1
AndII,V081,23.6088,-0.23298977836144769,-1.3,1
AndII,V082,23.647380000000002,-0.2731470580731699,-1.3,1
AndII,V084,23.37022,-0.1772876615466268,-1.3,1
AndII,V086,23.74304,-0.28490026916619965,-1.3,1
AndII,V087,23.468079999999997,-0.22339398000242583,-1.3,1
AndII,V089,23.475060000000006,-0.17763598095408817,-1.3,1
AndII,V090,23.873700000000003,-0.3109053323158467,-1.3,1
AndII,V091,23.64574,-0.2694249294512917,-1.3,1
AndII,V093,23.487019999999998,-0.2432469966775912,-1.3,1
AndII,V094,23.61118,-0.2781314793909754,-1.3,1
AndII,V096,23.662459999999996,-0.2848893892177971,-1.3,1
AndII,V098,23.70824,-0.2930270972567393,-1.3,1
AndII,V100,23.320660000000004,-0.15257848340525065,-1.3,1
AndII,V101,23.508879999999998,-0.20031538781865477,-1.3,1
AndII,V103,23.490219999999997,-0.20032434253578976,-1.3,1
AndII,V104,23.632119999999993,-0.2618479809906743,-1.3,1
AndII,V105,23.382539999999995,-0.13996745783056921,-1.3,1
AndII,V106,23.337920000000004,-0.1997337268956546,-1.3,1
AndII,V107,23.399419999999996,-0.20986678266663608,-1.3,1
AndII,V108,23.4161,-0.2233845367572612,-1.3,1
AndII,V109,23.601920000000003,-0.2600975161883323,-1.3,1
AndII,V110,23.380399999999998,-0.2092082126427602,-1.3,1
AndII,V112,23.53002,-0.23210248773932013,-1.3,1
AndII,V115,23.648900000000005,-0.23797090211244615,-1.3,1
AndII,V116,23.624059999999997,-0.24857797054129377,-1.3,1
AndII,V118,23.619540000000008,-0.2648712276764641,-1.3,1
AndII,V119,23.569560000000003,-0.24144178898101815,-1.3,1
AndII,V120,23.655440000000002,-0.2711607647226946,-1.3,1
AndII,V121,23.698840000000004,-0.2797412328728899,-1.3,1
AndII,V123,23.53858,-0.2432469966775912,-1.3,1
AndII,V124,23.651220000000002,-0.26027224551602446,-1.3,1
AndII,V125,23.471659999999996,-0.2083772795056278,-1.3,1
AndII,V126,23.434659999999997,-0.22426363815068756,-1.3,1
AndII,V128,23.61236,-0.2930270972567393,-1.3,1
AndII,V129,23.52144,-0.2141257816801923,-1.3,1
AndII,V130,23.63498,-0.2553757067650659,-1.3,1
AndII,V131,23.406459999999996,-0.1603737066775392,-1.3,1
AndII,V132,23.401920000000004,0.031544893451253865,-1.3,1
AndII,V133,23.562120000000007,-0.24445465066876274,-1.3,1
AndII,V134,23.570100000000004,-0.2518929462514716,-1.3,1
AndII,V136,23.49364,-0.22817015101585397,-1.3,1
AndII,V137,23.72102,-0.28238339666007517,-1.3,1
AndII,V138,23.45028,-0.22340342345292766,-1.3,1
AndII,V139,23.479779999999998,-0.2098759365076695,-1.3,1
AndII,V140,23.497559999999996,-0.22817969889540246,-1.3,1
AndII,V141,23.684780000000007,-0.28936218616554277,-1.3,1
AndII,V142,23.642139999999998,-0.24857797054129377,-1.3,1
AndII,V144,23.575480000000002,-0.25536554187629157,-1.3,1
AndII,V145,23.41888,-0.15257848340525065,-1.3,1
AndII,V146,23.534080000000003,-0.2105355206257122,-1.3,1
AndII,V147,23.416120000000003,-0.21052635287188023,-1.3,1
AndII,V148,23.56736,-0.26405121558749944,-1.3,1
AndII,V149,23.480480000000004,-0.2105355206257122,-1.3,1
AndII,V151,23.51308,-0.2092082126427602,-1.3,1
AndII,V152,23.668059999999997,-0.25851786870302734,-1.3,1
AndII,V153,23.469899999999996,-0.23653771315970668,-1.3,1
AndII,V154,23.579159999999998,-0.2379806679116755,-1.3,1
AndII,V156,23.66672,-0.22800786917125843,-1.3,1
AndII,V159,23.51224,-0.22340342345292766,-1.3,1
AndII,V160,23.51558,-0.2233845367572612,-1.3,1
AndII,V161,23.43484,-0.23260377706677882,-1.3,1
AndII,V162,23.863339999999994,-0.2893511938624041,-1.3,1
AndII,V164,23.299659999999996,-0.26404084560467306,-1.3,1
AndII,V166,23.82542,-0.41422595515134103,-1.3,1
AndII,V167,23.39602,-0.1772876615466268,-1.3,1
AndII,V168,23.424460000000007,-0.20012738139743405,-1.3,1
AndII,V169,23.743299999999998,-0.3031091759455783,-1.3,1
AndII,V170,23.515360000000005,-0.5408067925405597,-1.3,1
AndII,V171,23.59362,-0.16954429072831598,-1.3,1
AndII,V172,23.457739999999998,-0.14514147469564906,-1.3,1
AndII,V173,23.259799999999995,-0.14962821934332157,-1.3,1
AndII,V175,23.52776,-0.2518929462514716,-1.3,1
AndII,V176,23.463379999999994,-0.1997337268956546,-1.3,1
AndII,V177,23.652359999999998,-0.2601077924383244,-1.3,1
AndII,V179,23.333679999999998,-0.17765297929293766,-1.3,1
AndII,V180,23.554759999999998,-0.20983932230111924,-1.3,1
AndII,V181,23.815260000000006,-0.3121894422756425,-1.3,1
AndII,V182,23.62994,-0.27434533309883025,-1.3,1
AndII,V183,23.418939999999996,-0.21304558350578134,-1.3,1
AndII,V184,23.519520000000004,-0.21411653782430165,-1.3,1
AndII,V185,23.60236,-0.22129320259833865,-1.3,1
AndII,V186,23.717620000000004,-0.2601077924383244,-1.3,1
AndII,V188,23.573939999999993,-0.23298977836144769,-1.3,1
AndII,V190,23.382559999999998,-0.220382573446284,-1.3,1
AndII,V191,23.571479999999998,-0.24444473820298387,-1.3,1
AndII,V192,23.474520000000002,-0.1923652570043772,-1.3,1
AndII,V193,23.520060000000004,-0.21486592836124727,-1.3,1
AndII,V194,23.474980000000006,-0.22817015101585397,-1.3,1
AndII,V197,23.32114,-0.17765297929293766,-1.3,1
AndII,V198,23.49432,-0.22383804430010734,-1.3,1
AndII,V199,23.50534,-0.22339398000242583,-1.3,1
AndII,V201,23.550060000000006,-0.1934304176331415,-1.3,1
AndII,V204,23.330380000000005,-0.14950871278746938,-1.3,1
AndII,V205,23.5775,-0.2485679635165511,-1.3,1
AndII,V206,23.694219999999994,-0.25852810764294926,-1.3,1
AndII,V212,23.588720000000002,-0.23298977836144769,-1.3,1
AndII,V214,23.529379999999996,-0.2001184307404779,-1.3,1
AndII,V215,23.48614,-0.16955263292583364,-1.3,1
AndII,V217,23.41866,-0.19974266962742854,-1.3,1
AndII,V219,23.5894,-0.25934800594281526,-1.3,1
AndII,V220,23.60608,-0.20986678266663608,-1.3,1
AndII,V222,23.609420000000004,-0.2576893152119302,-1.3,1
AndII,V223,23.37332,-0.18020174510952625,-1.3,1
AndII,V224,23.55048,-0.22817015101585397,-1.3,1
AndII,V225,23.473019999999998,-0.20983016923178102,-1.3,1
AndII,V226,23.158520000000003,-0.23978132292258897,-1.3,1
AndII,V230,23.48946,-0.2001184307404779,-1.3,1
AndII,V231,23.500480000000003,-0.2232995567894807,-1.3,1
AndII,V233,23.700899999999997,-0.28237257958124456,-1.3,1
AndII,V234,23.767580000000002,0.14048284543327974,-1.3,1
AndII,V236,23.760279999999995,-0.26404084560467306,-1.3,1
AndII,V237,23.56642,-0.23299943279087254,-1.3,1
AndII,V238,23.542920000000002,-0.3083254803132197,-1.3,1
AndII,V239,23.732300000000002,-0.25852810764294926,-1.3,1
AndII,V241,23.73732,-0.26027224551602446,-1.3,1
AndII,V244,23.373160000000006,-0.17099825027219423,-1.3,1
AndII,V245,23.513199999999998,-0.19974266962742854,-1.3,1
AndII,V246,23.72824,-0.24444473820298387,-1.3,1
AndII,V247,23.659220000000005,-0.20031538781865477,-1.3,1
AndII,V248,23.37712,-0.20423725917184601,-1.3,1
AndII,V250,23.513500000000004,-0.2042282234105808,-1.3,1
AndII,V251,23.64304,-0.23652797975339368,-1.3,1
AndII,V252,23.57208,-0.23260377706677882,-1.3,1
AndII,V253,23.534,-0.23211212246406257,-1.3,1
AndII,V254,23.853780000000008,-0.2744621561204461,-1.3,1
AndII,V257,23.4731,-0.19028649001568743,-1.3,1
AndIII,V002,23.662419999999997,-0.1914079636876272,-1.81,2
AndIII,V003,23.686340000000005,-0.17837602438740374,-1.81,2
AndIII,V004,23.77272,-0.20502409091952417,-1.81,2
AndIII,V006,23.760980000000004,-0.19853706334588714,-1.81,2
AndIII,V007,23.463799999999996,-0.14394440786182927,-1.81,2
AndIII,V008,23.60336,-0.1873824013179827,-1.81,2
AndIII,V010,23.707059999999995,-0.21680553500675406,-1.81,2
AndIII,V011,23.706940000000003,-0.21755026670836916,-1.81,2
AndIII,V012,23.63238,-0.21544041090143246,-1.81,2
AndIII,V013,23.652440000000006,-0.178248340691081,-1.81,2
AndIII,V014,23.553340000000002,-0.18558689601806824,-1.81,2
AndIII,V015,23.639540000000004,-0.1774575385531599,-1.81,2
AndIII,V016,23.75598,-0.20516895092862214,-1.81,2
AndIII,V023,23.628040000000006,-0.19459539829285308,-1.81,2
AndIII,V024,23.601399999999998,-0.12392568654264059,-1.81,2
AndIII,V025,23.61472,-0.19582554563780963,-1.81,2
AndIII,V026,23.585320000000003,-0.19368609262649517,-1.81,2
AndIII,V027,23.74694,-0.22234703134124037,-1.81,2
AndIII,V028,23.78548,-0.20945505938551706,-1.81,2
AndIII,V029,23.620900000000002,-0.1912939318021266,-1.81,2
AndIII,V030,23.610560000000003,-0.199689015998727,-1.81,2
AndIII,V031,23.7064,-0.2300263805214682,-1.81,2
AndIII,V032,23.733720000000005,-0.21782987067126686,-1.81,2
AndIII,V035,23.597880000000004,-0.22824653993032037,-1.81,2
AndIII,V036,23.7377,-0.21943641735456432,-1.81,2
AndIII,V037,23.630519999999997,-0.1855955521373149,-1.81,2
AndIII,V038,23.73908,-0.20814016175319136,-1.81,2
AndIII,V039,23.913020000000003,-0.27009739974124436,-1.81,2
AndIII,V040,23.617639999999994,-0.18540515735670868,-1.81,2
AndIII,V041,23.672059999999995,-0.20597561782543258,-1.81,2
AndIII,V042,23.744540000000004,-0.22134959293071477,-1.81,2
AndIII,V044,23.7144,-0.2404290336354269,-1.81,2
AndIII,V045,23.682360000000006,-0.22312020922332168,-1.81,2
AndIII,V046,23.727319999999995,-0.1944098512988727,-1.81,2
AndIII,V047,23.711599999999997,-0.22383804430010734,-1.81,2
AndIII,V049,23.64918,-0.21509748312272095,-1.81,2
AndIII,V050,23.612880000000004,-0.20313628155101893,-1.81,2
AndIII,V051,23.593860000000003,-0.1855955521373149,-1.81,2
AndIII,V053,23.617219999999993,-0.1914079636876272,-1.81,2
AndIII,V054,23.706440000000008,-0.22234703134124037,-1.81,2
AndIII,V055,23.577240000000003,-0.16917739258687242,-1.81,2
AndIII,V056,23.59154,-0.19892070816154558,-1.81,2
AndIII,V059,23.71272,-0.21944577514042593,-1.81,2
AndIII,V062,23.523419999999994,-0.1489673618060393,-1.81,2
AndIII,V065,23.800620000000006,-0.25799600259601085,-1.81,2
AndIII,V066,23.655499999999996,-0.17829940966497818,-1.81,2
AndIII,V067,23.65018,-0.20141820569706595,-1.81,2
AndIII,V069,23.694340000000008,-0.22611271288913726,-1.81,2
AndIII,V070,23.745459999999998,-0.24377122074833216,-1.81,2
AndIII,V071,23.7122,-0.2179044621401349,-1.81,2
AndIII,V074,23.657459999999997,-0.2221304113372847,-1.81,2
AndIII,V076,23.589839999999995,-0.17829940966497818,-1.81,2
AndIII,V077,23.592920000000003,-0.17524585117502264,-1.81,2
AndIII,V078,23.721319999999995,-0.22638837719925203,-1.81,2
AndIII,V079,23.69186,-0.2082131072736984,-1.81,2
AndIII,V080,23.78718,-0.2052142295923064,-1.81,2
AndIII,V082,23.68128,-0.20007368022253597,-1.81,2
AndIII,V083,23.812179999999998,-0.24988085110948544,-1.81,2
AndIII,V084,23.56196,-0.17693962127968194,-1.81,2
AndIII,V085,23.696120000000004,-0.20367739716808006,-1.81,2
AndIII,V087,23.746739999999992,-0.22213982735194282,-1.81,2
AndIII,V088,23.66076,-0.20411980893642956,-1.81,2
AndIII,V089,23.675979999999996,-0.22638837719925203,-1.81,2
AndIII,V090,23.560979999999997,-0.1907592586103415,-1.81,2
AndIII,V091,23.765039999999996,-0.2197827897895576,-1.81,2
AndIII,V092,23.8286,-0.23132278402516343,-1.81,2
AndIII,V093,23.659059999999993,-0.20866016613143187,-1.81,2
AndIII,V094,23.606,-0.18034710860336722,-1.81,2
AndIII,V096,23.65962,-0.2095739615794216,-1.81,2
AndIII,V097,23.644220000000004,-0.18813054821477357,-1.81,2
AndIII,V098,23.67592,-0.2107556047958051,-1.81,2
AndIII,V099,23.663459999999993,-0.19339516392631406,-1.81,2
AndIII,V100,23.447999999999997,-0.18725204247838406,-1.81,2
AndIII,V101,23.70788,-0.2226108885665818,-1.81,2
AndIII,V102,23.72046,-0.21650799953873104,-1.81,2
AndIII,V104,23.755740000000007,-0.22679744317304984,-1.81,2
AndIII,V106,23.68206,-0.20027061700232973,-1.81,2
AndIII,V107,23.662139999999997,-0.19614471384733898,-1.81,2
AndIII,V108,23.8218,-0.2273498176473821,-1.81,2
AndIII,V109,23.749420000000004,-0.20006473067226227,-1.81,2
AndIII,V110,23.752899999999997,-0.22213982735194282,-1.81,2
AndIII,V111,23.818479999999997,-0.22635985208609835,-1.81,2
AndIII,V112,23.734939999999995,-0.2082039884135664,-1.81,2
AndIII,V114,23.68372,-0.22639788598666793,-1.81,2
AndXV,V001,23.99872,-0.0016111935477973224,-1.8,3
AndXV,V002,23.738920000000004,-0.20787583690156447,-1.8,3
AndXV,V003,23.8181,-0.23061168364368081,-1.8,3
AndXV,V005,23.8202,-0.26211632227822634,-1.8,3
AndXV,V007,23.679679999999994,-0.20015423447517547,-1.8,3
AndXV,V010,23.77688,-0.23748289192850677,-1.8,3
AndXV,V011,23.750940000000003,-0.20985762901853866,-1.8,3
AndXV,V012,23.866580000000003,-0.26593227271887204,-1.8,3
AndXV,V013,23.775360000000006,-0.21418124894773632,-1.8,3
AndXV,V014,24.061480000000007,-0.28862631631698077,-1.8,3
AndXV,V015,23.788960000000003,-0.20755703824781754,-1.8,3
AndXV,V017,23.64186,-0.17128292669788778,-1.8,3
AndXV,V018,23.710959999999993,-0.24378111785328835,-1.8,3
AndXV,V019,23.590899999999998,-0.14985138627170627,-1.8,3
AndXV,V020,23.7067,-0.20015423447517547,-1.8,3
AndXV,V023,23.577879999999997,-0.12753053295697517,-1.8,3
AndXV,V024,23.800279999999997,-0.19742373747505335,-1.8,3
AndXV,V025,23.847320000000007,-0.22380968620031477,-1.8,3
AndXV,V028,23.76864,-0.21392246228674958,-1.8,3
AndXV,V029,23.8486,-0.22004509322146576,-1.8,3
AndXV,V031,23.77434,-0.20786672512025872,-1.8,3
AndXV,V032,23.629839999999994,-0.18673967700926508,-1.8,3
AndXV,V034,23.788079999999997,-0.23060208214803152,-1.8,3
AndXV,V035,23.634479999999996,-0.23145744760529485,-1.8,3
AndXV,V036,23.739939999999997,-0.21543113902187375,-1.8,3
AndXV,V038,23.635399999999994,-0.18144317535244944,-1.8,3
AndXV,V039,23.692680000000006,-0.17803561791587927,-1.8,3
AndXV,V040,23.8517,-0.22346008846852045,-1.8,3
AndXV,V041,23.74396,-0.21418124894773632,-1.8,3
AndXV,V042,23.86872,-0.22374352450095494,-1.8,3
AndXV,V043,23.86388,-0.25565024873226844,-1.8,3
AndXV,V046,23.754239999999992,-0.1925411364937288,-1.8,3
AndXV,V047,23.816879999999998,-0.24377122074833216,-1.8,3
AndXV,V048,23.93954,-0.25565024873226844,-1.8,3
AndXV,V049,23.7527,-0.22348842374909267,-1.8,3
AndXV,V050,23.902520000000003,-0.24641183218976773,-1.8,3
AndXV,V051,23.60756,-0.14777558589422934,-1.8,3
AndXV,V053,23.781600000000005,-0.24378111785328835,-1.8,3
AndXV,V056,23.701159999999994,-0.22348842374909267,-1.8,3
AndXV,V058,23.98844,-0.27068666662311186,-1.8,3
AndXV,V059,23.65942,-0.1777719862974078,-1.8,3
AndXV,V063,23.702359999999995,-0.22711163904739465,-1.8,3
AndXV,V064,23.706459999999996,-0.20015423447517547,-1.8,3
AndXV,V065,23.94582,-0.25265999331591543,-1.8,3
AndXV,V066,23.76486,-0.22372462300942708,-1.8,3
AndXV,V068,23.662799999999997,-0.19669494287153158,-1.8,3
AndXV,V069,23.663159999999994,-0.20789406103770916,-1.8,3
AndXV,V070,23.95102,-0.2526498917907731,-1.8,3
AndXV,V071,23.998639999999995,-0.24641183218976773,-1.8,3
AndXV,V072,23.72554,-0.19640199226212152,-1.8,3
AndXV,V073,23.692719999999994,-0.20326248157059776,-1.8,3
AndXV,V076,23.690460000000005,-0.14985138627170627,-1.8,3
AndXV,V079,23.77354,-0.21392246228674958,-1.8,3
AndXV,V080,23.7763,-0.20786672512025872,-1.8,3
AndXV,V081,23.84832,-0.2378244414698195,-1.8,3
AndXV,V082,23.880519999999997,-0.2593787822604314,-1.8,3
AndXV,V086,23.68574,-0.1955331806910764,-1.8,3
AndXV,V089,23.873740000000005,-0.23748289192850677,-1.8,3
AndXV,V091,23.889840000000003,-0.2378244414698195,-1.8,3
AndXV,V093,23.62192,-0.15869438844210415,-1.8,3
AndXV,V094,23.790259999999996,-0.22381913869450296,-1.8,3
AndXV,V095,23.691140000000004,-0.19330704217718445,-1.8,3
AndXV,V096,23.81254,-0.26558870968724824,-1.8,3
AndXV,V097,23.081159999999993,-0.1992153632692876,-1.8,3
AndXV,V100,23.822879999999998,-0.24377122074833216,-1.8,3
AndXV,V101,23.64736,-0.1896045093471047,-1.8,3
AndXV,V103,23.64426,-0.14985935864047248,-1.8,3
AndXV,V104,23.405859999999997,-0.15686757085430061,-1.8,3
AndXV,V105,23.733860000000007,-0.18001369984272267,-1.8,3
AndXV,V106,23.776840000000004,-0.22381913869450296,-1.8,3
AndXV,V108,23.8869,-0.2526498917907731,-1.8,3
AndXV,V109,23.709460000000007,-0.19640199226212152,-1.8,3
AndXV,V110,23.80202,-0.20726576984066952,-1.8,3
AndXV,V111,23.91672,-0.20985762901853866,-1.8,3
AndXV,V112,23.75794,-0.23144782739326392,-1.8,3
AndXV,V114,23.91086,-0.2835966175933648,-1.8,3
AndXV,V115,23.887240000000002,-0.27744646308923765,-1.8,3
AndXV,V116,23.904359999999997,-0.26435205285131097,-1.8,3
AndXV,V120,23.915780000000005,-0.276922726813987,-1.8,3
AndXV,V121,23.904179999999993,-0.23060208214803152,-1.8,3
AndXXVIII,V001,23.816099999999995,-0.1948959758856472,-1.73,4
AndXXVIII,V005,23.840960000000003,-0.25102660267377014,-1.73,4
AndXXVIII,V006,23.855240000000002,-0.26672454406103796,-1.73,4
AndXXVIII,V007,23.620540000000002,-0.17841859396294865,-1.73,4
AndXXVIII,V010,23.944160000000004,0.013508098525419822,-1.73,4
AndXXVIII,V015,23.496640000000003,-0.1930427841625839,-1.73,4
AndXXVIII,V017,23.90172,-0.25294293145488334,-1.73,4
AndXXVIII,V019,23.95298,-0.2864698341960509,-1.73,4
AndXXVIII,V020,23.718360000000004,-0.17943298325904047,-1.73,4
AndXXVIII,V022,23.768859999999993,-0.16333234169314043,-1.73,4
AndXXVIII,V023,23.645899999999997,-0.19465726491117957,-1.73,4
AndXXVIII,V024,23.70008,-0.20807634447180695,-1.73,4
AndXXVIII,V026,23.729620000000004,-0.1914342829906672,-1.73,4
AndXXVIII,V031,23.789079999999995,-0.2081948697448987,-1.73,4
AndXXVIII,V032,23.862679999999997,-0.25294293145488334,-1.73,4
AndXXVIII,V033,23.60398,-0.15603385151483323,-1.73,4
AndXXVIII,V036,23.85256,-0.24385040390394397,-1.73,4
AndXXVIII,V040,23.614919999999998,-0.16332411812611441,-1.73,4
AndXXVIII,V042,23.48614,-0.1174477827805932,-1.73,4
AndXXVIII,V044,23.675280000000004,-0.1580764702356121,-1.73,4
AndXXVIII,V046,23.645780000000002,-0.17099825027219423,-1.73,4
AndXXVIII,V048,23.73114,-0.2131193576981191,-1.73,4
AndXXVIII,V052,23.587760000000006,-0.15819835815911082,-1.73,4
AndXXVIII,V055,23.762239999999995,-0.2224789399154817,-1.73,4
AndXXVIII,V056,24.042179999999995,-0.30249692596307204,-1.73,4
AndXXVIII,V063,23.859920000000002,-0.2145697183041824,-1.73,4
AndXXVIII,V064,23.56966,-0.13675311907324286,-1.73,4
AndXXVIII,V067,23.931379999999997,-0.24032101474427378,-1.73,4
AndXXVIII,V069,23.572660000000006,-0.13675311907324286,-1.73,4
AndXXVIII,V071,23.822319999999998,-0.19144305644614,-1.73,4
AndXXVIII,V072,23.839939999999995,-0.2606836508611,-1.73,4
AndXXVIII,V074,23.851960000000002,-0.24033083353334864,-1.73,4
AndXXVIII,V078,23.6497,-0.13803134619023427,-1.73,4
AndXXVIII,V080,23.952579999999998,-0.27386774770199773,-1.73,4
AndXXVIII,V082,23.87528,-0.2338692114859529,-1.73,4
