Star,Wesenheit Magnitude,Uncertainty in Wesenheit Magnitude,Log Period,Star Code
Star 0,19.98300438106487,0.03,-0.23738034455075663,0
Star 1,20.102478879001595,0.03,-0.2207355303951584,1
Star 2,20.15785490104186,0.03,-0.21282655222626504,2
Star 3,19.934078462731794,0.03,-0.23552844678594645,3
Star 4,20.163487506248757,0.03,-0.24425237391119445,4
Star 5,20.085684766762675,0.03,-0.24400482789923453,5
Star 6,19.901616409269828,0.03,-0.21590181326309563,6
Star 7,19.890857066818885,0.03,-0.20444558164100768,7
Star 8,19.823724480810984,0.03,-0.19766642635998707,8
Star 9,20.005489550619274,0.03,-0.24126001101220979,9
Star 10,19.808183938927996,0.03,-0.21011778275598425,10
Star 11,20.231498932348014,0.03,-0.21533347727993193,11
Star 12,20.54072289193396,0.03,-0.2800317438037743,12
Star 13,19.9302910672684,0.03,-0.15911582196131466,13
Star 14,19.964743375089157,0.03,-0.1577437849461194,14
Star 15,19.59643221971122,0.03,-0.1771611994240824,15
Star 16,19.863709144755546,0.03,-0.22293746270820178,16
Star 17,20.003921685595007,0.03,-0.19972775155433833,17
Star 18,19.912882080679687,0.03,-0.2641449102021462,18
Star 19,19.70018940511439,0.03,-0.21232080312872975,19
Star 20,19.755304307542094,0.03,-0.19440332557255932,20
Star 21,19.749736688412735,0.03,-0.16793710675818338,21
Star 22,20.151498226231244,0.03,-0.2215576744457388,22
Star 23,19.96825243059744,0.03,-0.24057420710454847,23
Star 24,20.161167218161406,0.03,-0.23712870929801352,24
Star 25,19.99225621505335,0.03,-0.2297714045260215,25
Star 26,19.82708926993245,0.03,-0.2215967857092543,26
Star 27,19.958757584647007,0.03,-0.2151085807916479,27
Star 28,19.93584950882515,0.03,-0.22775819613957854,28
Star 29,19.849336004066544,0.03,-0.19871205758313273,29
Star 30,19.958976659566275,0.03,-0.2068393629784521,30
Star 31,20.013360772957324,0.03,-0.2506517267573209,31
Star 32,20.123510375542292,0.03,-0.22484371703364053,32
Star 33,19.988213567819695,0.03,-0.21426086663700403,33
Star 34,19.839227716831772,0.03,-0.20818588577084907,34
Star 35,19.690742334507338,0.03,-0.15256351414123437,35
Star 36,19.63973535271273,0.03,-0.2143138970691468,36
Star 37,20.07052705390639,0.03,-0.23404882268725258,37
Star 38,19.884376892280468,0.03,-0.24962632444224891,38
Star 39,20.06593816393909,0.03,-0.23062771191679204,39
Star 40,20.1659205212883,0.03,-0.2398248204191204,40
Star 41,19.82845428560051,0.03,-0.23726718960414114,41
Star 42,19.94040505935029,0.03,-0.27273482322139875,42
Star 43,20.361122476625706,0.03,-0.2394746635453984,43
Star 44,20.020156469369674,0.03,-0.26456992118136025,44
Star 45,20.091713895545997,0.03,-0.23604575682209264,45
Star 46,19.993870283161293,0.03,-0.2508833281953006,46
Star 47,19.827595930155546,0.03,-0.21313243167651114,47
Star 49,20.088389674450692,0.03,-0.21768130603766134,48
Star 50,20.013966222752586,0.03,-0.2055156229007197,49
Star 51,20.130884607905777,0.03,-0.1979418363872523,50
Star 52,20.197776890634668,0.03,-0.24254142819415356,51
Star 53,20.089108914434643,0.03,-0.21645621484073907,52
Star 54,20.47005264176477,0.03,-0.2389611956209767,53
Star 55,20.185937149044182,0.03,-0.26647865220288924,54
Star 56,19.85297972257124,0.03,-0.17979586971006245,55
Star 57,20.303078011335458,0.03,-0.29004574690265233,56
Star 58,19.950835471482826,0.03,-0.23243700928995495,57
Star 59,20.282248509505965,0.03,-0.2489780960557745,58
Star 60,20.035448714706554,0.03,-0.24018718557550844,59
Star 61,19.842463953887375,0.03,-0.2218574355928545,60
Star 62,19.926890842347483,0.03,-0.22845169042628893,61
Star 63,20.0836759776509,0.03,-0.24428949340465936,62
Star 64,19.66220844350062,0.03,-0.26123907080179637,63
Star 65,19.915657311502727,0.03,-0.2249082483285386,64
Star 66,19.776652200509876,0.03,-0.2422431829143746,65
Star 67,20.027984170863405,0.03,-0.25304708595930275,66
Star 68,19.655900948055525,0.03,-0.17353580328692125,67
Star 69,19.8153656128441,0.03,-0.21716797891777428,68
Star 70,19.78044028064616,0.03,-0.17546832363607656,69
Star 71,20.08958635970282,0.03,-0.2482798629764826,70
Star 72,19.860841315890447,0.03,-0.24554967975852876,71
Star 73,19.5880574246881,0.03,-0.14914210305073505,72
Star 74,20.243043646595808,0.03,-0.23825943246235898,73
Star 75,19.925940201860797,0.03,-0.1760767820904205,74
Star 76,19.86935664664275,0.03,-0.1907656230602707,75
Star 78,20.01957339820621,0.03,-0.2710978109746403,76
Star 79,20.2897007301568,0.03,-0.26687818666728497,77
Star 80,20.125473614951748,0.03,-0.20202489482461283,78
Star 82,19.73268799411818,0.03,-0.2133983359199053,79
Star 83,19.8615752180976,0.03,-0.20119195996017786,80
Star 84,20.190948874587782,0.03,-0.2253609803690115,81
Star 85,19.8929786562591,0.03,-0.19487494804989583,82
Star 86,19.798866387378368,0.03,-0.23877350153933458,83
Star 87,19.563869936522906,0.03,-0.1651255272222426,84
Star 88,19.681864295265612,0.03,-0.19481948927409784,85
Star 89,20.38040633714384,0.03,-0.23570515848756882,86
Star 90,20.071726604467884,0.03,-0.2572584734064092,87
Star 91,20.167765131442152,0.03,-0.2205658584496643,88
Star 92,19.86897301422914,0.03,-0.2359953147127117,89
Star 93,19.978447901509234,0.03,-0.22298944493047163,90
Star 94,20.078990858668746,0.03,-0.2292977942617652,91
Star 95,19.938210540409546,0.03,-0.21477768398068578,92
Star 96,20.119131322033212,0.03,-0.21538637713534503,93
Star 97,19.97451133403078,0.03,-0.2333515272851664,94
Star 98,20.02786334283971,0.03,-0.22070940521106325,95
Star 99,19.95346414296206,0.03,-0.1926510704538288,96
Star 100,20.13786721776318,0.03,-0.2443513525565581,97
Star 101,20.084932337276527,0.03,-0.21587504411718184,98
Star 102,20.109964069741352,0.03,-0.2724102299451283,99
Star 103,20.10643733330077,0.03,-0.24348452219928501,100
Star 104,19.38125503861136,0.03,-0.12370467420954114,101
Star 105,20.092344970598493,0.03,-0.2763354037668501,102
Star 106,19.94515054040475,0.03,-0.17203342200853738,103
Star 107,19.704825304007716,0.03,-0.23261498340621561,104
Star 108,19.90409864161917,0.03,-0.21280032215488187,105
Star 109,19.951231086052612,0.03,-0.19905552639662044,106
Star 110,19.92526834813122,0.03,-0.25830197538766153,107
Star 111,19.97879361863222,0.03,-0.25018815389730636,108
Star 112,20.11948635035791,0.03,-0.2653369587213186,109
Star 114,19.998176256002132,0.03,-0.2532289334778334,110
Star 115,19.798150360509318,0.03,-0.16783404451808157,111
Star 116,20.048291146126385,0.03,-0.22630340112300742,112
Star 117,20.16138376540379,0.03,-0.2038348830602648,113
Star 118,20.085983790135778,0.03,-0.22545143849000418,114
Star 119,19.948086401124435,0.03,-0.28984526262002064,115
Star 120,19.908768899234065,0.03,-0.1960379405668859,116
Star 121,19.89732543072732,0.03,-0.24464815386725047,117
Star 122,19.965581156642518,0.03,-0.2443266099728387,118
Star 123,19.900530188464266,0.03,-0.20075459213929486,119
Star 124,20.08482290843047,0.03,-0.24225561393137057,120
Star 125,20.189114404967416,0.03,-0.24431423844731906,121
Star 126,19.999141965769926,0.03,-0.21645621484073907,122
Star 127,19.951434704666582,0.03,-0.2257614361781905,123
Star 128,20.126699367643294,0.03,-0.24400482789923453,124
Star 129,19.922455172146197,0.03,-0.19333307499227298,125
Star 130,20.079103946842935,0.03,-0.20836072495158312,126
Star 131,19.744723174917844,0.03,-0.2098366244279634,127
Star 132,20.101801541402295,0.03,-0.2329961101228912,128
Star 133,20.06859342116727,0.03,-0.24338534536662018,129
Star 134,19.883201308203354,0.03,-0.18721039950382576,130
Star 135,19.733838191351143,0.03,-0.26990969876682913,131
Star 136,19.744941522477678,0.03,-0.22554187749592733,132
Star 137,19.903097892477486,0.03,-0.22982257457806868,133
Star 138,20.11914597004953,0.03,-0.2290670257473403,134
Star 139,20.092027626838483,0.03,-0.21096025567990745,135
Star 140,20.106921747239294,0.03,-0.19330528506898276,136
Star 141,20.109526095767364,0.03,-0.2680980176140262,137
Star 142,20.083770611080094,0.03,-0.22672875680965263,138
Star 143,20.122320878698766,0.03,-0.23131664274238428,139
Star 144,20.07946435361195,0.03,-0.2885398510292704,140
Star 145,19.855183634102097,0.03,-0.22582599149576832,141
Star 146,19.875470187272192,0.03,-0.25518805094286784,142
Star 147,19.989212285327454,0.03,-0.19369518429770288,143
Star 148,19.855796248686854,0.03,-0.23138037774684433,144
Star 149,19.922960024515177,0.03,-0.20078212159297287,145
Star 150,20.008880373551033,0.03,-0.28590595507949285,146
Star 151,19.804831939564014,0.03,-0.2012878541111395,147
Star 152,19.94442311209157,0.03,-0.24865974334296106,148
Star 153,19.977374869504878,0.03,-0.2330342049525677,149
Star 154,19.894632930562693,0.03,-0.2315205606341937,150
Star 155,20.317815104168226,0.03,-0.25842175763111513,151
Star 156,20.16404194569086,0.03,-0.27127223800273836,152
Star 157,19.516654451953734,0.03,-0.1785021274401831,153
Star 158,20.077939330834674,0.03,-0.2716325375121815,154
Star 159,20.150627462508808,0.03,-0.27914225121664776,155
Star 160,19.981236126092746,0.03,-0.19656337042352098,156
Star 161,20.139333427659455,0.03,-0.22094447650442667,157
Star 162,19.880393491233548,0.03,-0.20068633627510296,158
Star 163,20.077922269925555,0.03,-0.20250193977312547,159
Star 164,20.118441991088485,0.03,-0.23992481352272824,160
Star 165,20.037866853066628,0.03,-0.20837416462033376,161
Star 166,20.23724441972595,0.03,-0.2518936125187781,162
Star 167,19.969852489371842,0.03,-0.21305266653384922,163
Star 168,20.143026791461367,0.03,-0.23724203964773863,164
Star 169,20.086624848523716,0.03,-0.21978093595175066,165
Star 170,20.23897223401814,0.03,-0.23458054991474767,166
Star 171,20.200924215431925,0.03,-0.22476607410671418,167
Star 172,20.055770482632518,0.03,-0.2912800283598847,168
Star 173,20.089082848547992,0.03,-0.23649947333539326,169
Star 174,19.860793453463174,0.03,-0.2115346560164708,170
Star 175,19.94803830336038,0.03,-0.25241609022081146,171
Star 176,20.162894255076246,0.03,-0.2473594223158482,172
Star 177,20.385647901003814,0.03,-0.2649594180648146,173
Star 178,20.014995377326684,0.03,-0.2201865679133947,174
Star 179,20.053750401909486,0.03,-0.23533901423082423,175
Star 180,20.378345840552118,0.03,-0.25947441982530994,176
Star 181,20.23957242713738,0.03,-0.2419571728469988,177
Star 182,20.063107437307817,0.03,-0.1984371354700947,178
Star 183,20.389480379676634,0.03,-0.2460921628153351,179
Star 184,19.998359212108635,0.03,-0.20232481270203959,180
Star 185,19.94146551233757,0.03,-0.22963065532471205,181
Star 186,20.1131868577243,0.03,-0.25736653885071636,182
Star 187,20.099612148081253,0.03,-0.27476958890844083,183
Star 188,20.214056252425607,0.03,-0.20364471327896838,184
Star 189,20.316724337924676,0.03,-0.2634348504957583,185
Star 191,20.169870953934115,0.03,-0.23062771191679204,186
Star 192,20.010852859715854,0.03,-0.20315532146604387,187
Star 193,19.874199416768274,0.03,-0.20462184581486184,188
Star 194,20.116959952158034,0.03,-0.2149229837117786,189
Star 195,19.900515453578155,0.03,-0.22585181046564012,190
Star 196,20.15648043767669,0.03,-0.26878851612030885,191
Star 197,20.294048677891013,0.03,-0.2499073297687578,192
Star 198,20.295421721571874,0.03,-0.23494731573307442,193
Star 199,20.32295374940945,0.03,-0.26073902021910766,194
Star 200,19.75031423480874,0.03,-0.2143138970691468,195
Star 201,19.901746209218548,0.03,-0.22117942071032876,196
Star 202,20.37079505106646,0.03,-0.24839018505316698,197
Star 203,20.001796709447042,0.03,-0.26268834430386795,198
Star 204,19.902328925266925,0.03,-0.20153367330375652,199
Star 205,19.950252074755195,0.03,-0.28000895335768816,200
Star 206,20.233743302110963,0.03,-0.24968742816272585,201
Star 208,20.18447959100876,0.03,-0.2704808555583784,202
Star 209,19.714649987328347,0.03,-0.22265145192505337,203
Star 210,19.88942190652763,0.03,-0.17487325258935557,204
Star 211,20.00611232441881,0.03,-0.18958869167255735,205
Star 212,19.79071646731202,0.03,-0.1747426991423637,206
Star 213,20.072058204116406,0.03,-0.24973630451741283,207
Star 214,19.902591637821935,0.03,-0.2589603697620293,208
Star 215,19.937890942905458,0.03,-0.22125770731703706,209
Star 216,19.71498764883076,0.03,-0.2243517449009347,210
Star 217,19.924356772392752,0.03,-0.2127600691656656,211
Star 218,19.923250795142046,0.03,-0.19540129022103217,212
Star 219,20.14242835511283,0.03,-0.18399543445685423,213
Star 220,20.30943151921874,0.03,-0.2677347725621074,214
Star 221,19.864073951798723,0.03,-0.18706927192529463,215
Star 222,19.979890719456137,0.03,-0.22596796294752666,216
Star 223,19.858556432226642,0.03,-0.22022580251275978,217
Star 224,20.02109347451621,0.03,-0.21557147608056876,218
Star 225,20.22748676589095,0.03,-0.24753138610814454,219
Star 226,19.912160806599154,0.03,-0.2112006621582096,220
Star 227,20.184549187303652,0.03,-0.23514953664392185,221
Star 228,19.994683036947443,0.03,-0.21806261801216578,222
Star 229,19.863532403403244,0.03,-0.14368603181008696,223
Star 230,20.033003460786937,0.03,-0.24459870111588938,224
Star 231,19.834973938897456,0.03,-0.12661835706543634,225
Star 232,19.773488342406846,0.03,-0.26952461900961233,226
Star 233,20.163143089925885,0.03,-0.21877175581582872,227
Star 234,20.0540937242954,0.03,-0.22832334946570793,228
Star 236,20.041190432686374,0.03,-0.19308283728473005,229
Star 237,19.942826851261284,0.03,-0.19943976057785195,230
Star 238,20.51245305134512,0.03,-0.285568560177451,231
Star 239,20.09425712214651,0.03,-0.19849213354588738,232
Star 240,19.903937243443952,0.03,-0.19397273451477084,233
Star 241,19.817396334414614,0.03,-0.23716658276994332,234
Star 242,20.30385612689341,0.03,-0.21525411533734332,235
Star 243,19.74793059477355,0.03,-0.2407987709440477,236
Star 244,19.992674323920824,0.03,-0.20207944106710354,237
Star 245,20.113229456233928,0.03,-0.19344493047001377,238
Star 246,19.949953652432026,0.03,-0.18940608561912758,239
Star 247,20.10300790046131,0.03,-0.2647706145341124,240
Star 249,19.911493178406317,0.03,-0.23102334319955337,241
Star 250,20.109999409500407,0.03,-0.2752540357958127,242
Star 251,19.921088119666358,0.03,-0.21703602680129402,243
Star 252,20.399259158824044,0.03,-0.2232752332995263,244
Star 253,19.941942095328756,0.03,-0.2279766379282029,245
Star 254,19.880642498826372,0.03,-0.20525851225855618,246
Star 255,20.209255854752175,0.03,-0.24999281707261364,247
Star 256,20.02565307850016,0.03,-0.20019363697790535,248
Star 257,20.064680127847332,0.03,-0.22779675298081747,249
Star 258,20.177075670078658,0.03,-0.21802318731770476,250
Star 259,19.70564563573821,0.03,-0.2717719282999413,251
Star 260,20.089063149489444,0.03,-0.25140702170959806,252
Star 261,20.159957883400708,0.03,-0.2195583317925136,253
Star 262,20.04219897635536,0.03,-0.21786542932588482,254
Star 263,20.068601558071812,0.03,-0.24467287815892103,255
Star 264,20.02260874122952,0.03,-0.24985847276610962,256
Star 265,20.01107108070596,0.03,-0.21477763982835213,257
Star 266,20.0037871234262,0.03,-0.2513461597695953,258
Star 267,19.981845446556143,0.03,-0.22014732964826259,259
Star 268,19.589549868646774,0.03,-0.254185409749812,260
Star 269,20.302960885482662,0.03,-0.25839780420842523,261
Star 270,19.85327879647434,0.03,-0.22954106430968196,262
Star 271,19.839748665693566,0.03,-0.13144195895193383,263
Star 273,20.160147680862476,0.03,-0.2407613520797729,264
Star 274,20.365636213343855,0.03,-0.22875955541444215,265
Star 275,20.082370404581702,0.03,-0.26638459025528527,266
Star 276,20.221648266408792,0.03,-0.2166408585408585,267
Star 277,20.092188828146323,0.03,-0.24431423844731906,268
Star 278,19.948136786152496,0.03,-0.22332717462413146,269
Star 279,20.00463697302005,0.03,-0.2288624783983385,270
Star 280,20.08094808343339,0.03,-0.2458210063921041,271
Star 281,19.91098396760837,0.03,-0.2204480651687727,272
Star 282,19.86680038402286,0.03,-0.2583738489574786,273
Star 283,19.794947665615762,0.03,-0.19352808216122508,274
Star 284,19.8252113272145,0.03,-0.22558063084192514,275
Star 285,20.147155282150436,0.03,-0.26151266468882445,276
Star 286,19.86471175792489,0.03,-0.20794389057877571,277
Star 287,20.325658008697992,0.03,-0.2767374595416482,278
Star 288,20.202451377893908,0.03,-0.27859356804001173,279
Star 289,19.88825105609626,0.03,-0.2638371934885496,280
Star 290,19.89925911462701,0.03,-0.2714233676362237,281
Star 291,19.979436032640006,0.03,-0.23477029538066946,282
Star 292,20.058487465321342,0.03,-0.2730128534948207,283
Star 293,19.99478508797731,0.03,-0.26403822566553214,284
Star 294,20.23639897426622,0.03,-0.24983404130772596,285
Star 295,20.042478920828753,0.03,-0.25005386965447607,286
Star 296,19.769262446582186,0.03,-0.21232080312872975,287
Star 297,19.886629029376582,0.03,-0.22822064890837815,288
Star 298,20.00350519675173,0.03,-0.23057663597884934,289
Star 299,20.082950084870067,0.03,-0.22248235720809445,290
Star 300,20.045432173417424,0.03,-0.19027565634398283,291
Star 301,20.118199746876677,0.03,-0.2523796588601473,292
Star 302,20.067561933362953,0.03,-0.19675666993810337,293
Star 303,20.21326024604224,0.03,-0.21853550550576797,294
Star 304,20.01884988152395,0.03,-0.23750603715358645,295
Star 305,20.106797108840983,0.03,-0.21563756323485198,296
Star 306,20.048041770751023,0.03,-0.23933702474773766,297
Star 307,19.658325774509535,0.03,-0.1799536264431917,298
Star 308,20.04317041047739,0.03,-0.20116489245804808,299
Star 309,19.987483414336122,0.03,-0.23573039746348562,300
Star 310,19.85403734086336,0.03,-0.2634585281270364,301
Star 311,20.35528446331995,0.03,-0.2647115969052178,302
Star 312,19.92120787244302,0.03,-0.2344793190043037,303
Star 313,20.10731724186153,0.03,-0.22288577910552002,304
Star 314,20.118878978589873,0.03,-0.20592127806737145,305
Star 315,19.583841339308734,0.03,-0.15419565770259097,306
Star 316,19.93339426167864,0.03,-0.20510991169566278,307
Star 317,20.14123723942238,0.03,-0.2850845030426346,308
Star 318,20.062859897475718,0.03,-0.21933561282591119,309
Star 319,20.6841978421756,0.03,-0.2712373546156296,310
Star 320,19.96919346390708,0.03,-0.22098391761225303,311
Star 321,20.09596706999312,0.03,-0.2386857765954276,312
Star 322,20.1363607589791,0.03,-0.22807939607447125,313
Star 323,20.02890862949981,0.03,-0.2371414273923405,314
Star 324,20.082769312444327,0.03,-0.26358873116514586,315
Star 325,20.077243642784875,0.03,-0.19251165094938083,316
Star 326,20.323704914771675,0.03,-0.22198770192378398,317
Star 327,20.312358501992016,0.03,-0.2572824905125384,318
Star 328,20.154874859092587,0.03,-0.23051278325742353,319
Star 329,20.02913447940797,0.03,-0.24595684807344426,320
Star 330,19.902781307658895,0.03,-0.23613418879607964,321
Star 331,19.749547433787892,0.03,-0.2402371428269279,322
Star 332,20.183674170688278,0.03,-0.25135833271482655,323
Star 333,20.11245662020505,0.03,-0.25098062994766646,324
Star 334,19.936463863699277,0.03,-0.21030514049595136,325
Star 335,20.212873497681528,0.03,-0.29069112475878883,326
Star 336,20.203667482717552,0.03,-0.2327929124611601,327
Star 337,20.311424662915663,0.03,-0.26299658148375676,328
Star 338,19.898768225283824,0.03,-0.23478294161340077,329
Star 339,19.810730405826746,0.03,-0.20424211092683583,330
Star 340,20.268461965855817,0.03,-0.2308829992058099,331
Star 342,19.859228594402307,0.03,-0.18498937410906433,332
Star 343,20.336893587017574,0.03,-0.2641449102021462,333
Star 344,20.29892121020969,0.03,-0.26001172789069144,334
Star 345,19.96369388661143,0.03,-0.2165087675972572,335
Star 346,20.305602996889522,0.03,-0.27384587704933216,336
Star 347,20.273617551604648,0.03,-0.21916522217291198,337
Star 348,19.998245575528195,0.03,-0.23238632454011893,338
Star 349,20.048635796286487,0.03,-0.23595747968476688,339
Star 350,20.20738105545615,0.03,-0.2693027510482706,340
Star 351,20.44469073544521,0.03,-0.2656431422741535,341
Star 352,19.862404191316386,0.03,-0.2211402718586991,342
Star 353,20.005901285152426,0.03,-0.2503223969766403,343
Star 354,19.935255968522675,0.03,-0.22162285798348239,344
Star 355,20.2946417409439,0.03,-0.24494475280969516,345
Star 356,20.182131359063078,0.03,-0.27176031360162756,346
Star 357,19.77910538938991,0.03,-0.24707676238446102,347
Star 358,19.833803370002276,0.03,-0.22196168086334964,348
Star 359,20.15271117703547,0.03,-0.2557909361562082,349
Star 360,20.115829078244115,0.03,-0.20677192272378167,350
Star 361,20.19700540518734,0.03,-0.24731019255109274,351
Star 362,20.36468525213635,0.03,-0.25437886996746384,352
Star 363,19.910491973205815,0.03,-0.2182334422291459,353
Star 364,20.166642183813785,0.03,-0.27189966337673854,354
Star 365,19.918747269767824,0.03,-0.1667999596797058,355
Star 366,19.93684439351676,0.03,-0.21003746200993031,356
Star 367,20.118908314117732,0.03,-0.19260926419617272,357
Star 369,19.955612474181795,0.03,-0.18523049885724002,358
Star 370,20.073320457968883,0.03,-0.23656245206355855,359
Star 371,19.724961635273505,0.03,-0.20395741323299746,360
Star 372,19.93824908118516,0.03,-0.18912525504535954,361
Star 373,20.25584234560201,0.03,-0.2766798095665672,362
Star 374,19.831164984155407,0.03,-0.243472125948683,363
Star 375,19.874003051626648,0.03,-0.19445904451518453,364
Star 376,20.256931352045857,0.03,-0.21699665698914866,365
Star 377,20.12592460142312,0.03,-0.25404025770076993,366
Star 378,20.286622594425644,0.03,-0.25095643946365837,367
Star 379,19.66724983030396,0.03,-0.20217487975586876,368
Star 380,20.179901075992344,0.03,-0.249247289511976,369
Star 381,19.97389146993133,0.03,-0.24231776373161146,370
Star 382,19.924699008948885,0.03,-0.25370138113945084,371
Star 383,19.927769341301943,0.03,-0.23117639401235662,372
Star 384,19.80083339477229,0.03,-0.2184435950199346,373
Star 385,20.070099086562216,0.03,-0.24250415872431658,374
Star 386,20.016257770352805,0.03,-0.22433879092262804,375
Star 387,20.14228881150999,0.03,-0.2616079442409802,376
Star 388,19.912662544331287,0.03,-0.23840995461821718,377
Star 389,19.85107177369277,0.03,-0.19380645452560677,378
Star 390,19.785633832623127,0.03,-0.23319924167215347,379
Star 391,20.075354819359237,0.03,-0.25540507200992213,380
Star 392,20.128192375564712,0.03,-0.25096862316266855,381
Star 393,19.931546118460318,0.03,-0.243186924291292,382
Star 394,20.11782322081735,0.03,-0.25536900441827065,383
Star 395,19.91203167424917,0.03,-0.20531262794681218,384
Star 396,20.04214556619685,0.03,-0.2188767151071737,385
Star 397,19.9644270303512,0.03,-0.22065714945134549,386
Star 398,20.237819878037712,0.03,-0.2594146771622274,387
Star 399,19.990928764944126,0.03,-0.22354785579185427,388
Star 400,20.182268645524047,0.03,-0.28309760581471394,389
Star 401,20.086535278587977,0.03,-0.21881111868714948,390
Star 402,19.842744676717622,0.03,-0.23223352143307144,391
Star 403,20.320859594123597,0.03,-0.2630795312382097,392
Star 405,19.803931544713496,0.03,-0.25782259776870525,393
Star 406,20.27017536290475,0.03,-0.24622767744810842,394
Star 407,20.06009061060981,0.03,-0.23185172389824196,395
Star 408,20.22503921719191,0.03,-0.27237543717707535,396
Star 409,19.911815235282162,0.03,-0.20121954614329843,397
Star 410,20.158837443194138,0.03,-0.20784971082061404,398
Star 411,20.08312955440582,0.03,-0.23911170290067857,399
Star 412,20.087946633846148,0.03,-0.19558112738448294,400
Star 413,19.949435864828462,0.03,-0.19312459837183335,401
Star 414,20.19008393623304,0.03,-0.2494185071199875,402
Star 415,19.86861315590773,0.03,-0.21375675264221877,403
Star 416,20.116648846839826,0.03,-0.2098767756427207,404
Star 417,19.9075741985938,0.03,-0.20797079502098453,405
Star 419,19.820290558926487,0.03,-0.24684312256792032,406
Star 420,19.91823567720241,0.03,-0.23570515848756882,407
Star 421,19.881434422645764,0.03,-0.21673332894328334,408
Star 422,19.996755613671215,0.03,-0.19316636211987545,409
Star 423,19.79571046936139,0.03,-0.23385876257994126,410
Star 424,20.09709816976182,0.03,-0.2152805710340042,411
Star 425,19.85901219869509,0.03,-0.23498523892404885,412
Star 426,19.834184657809157,0.03,-0.18221486495983796,413
Star 427,19.959560039033523,0.03,-0.26433369249172933,414
Star 428,19.72080024566691,0.03,-0.19949463208735632,415
Star 429,20.063065317133805,0.03,-0.2495286336101583,416
Star 430,20.058887411532854,0.03,-0.2279124014752763,417
Star 431,19.99388066524845,0.03,-0.1758595735131287,418
Star 432,19.884948011439864,0.03,-0.18547140275513832,419
Star 433,20.00246132221738,0.03,-0.21666722933883592,420
Star 434,19.93800793586394,0.03,-0.19717024681085424,421
Star 435,20.04549168401837,0.03,-0.22067021424555064,422
Star 436,19.73479265658964,0.03,-0.2052449756816232,423
Star 437,19.640374081947915,0.03,-0.2660316776786545,424
Star 438,19.951376554869586,0.03,-0.18508881395683807,425
Star 439,19.876730591710214,0.03,-0.24843920804314262,426
Star 440,20.003930894023654,0.03,-0.22332717462413146,427
Star 441,19.61543059261311,0.03,-0.2687300417636771,428
Star 442,19.96791238932286,0.03,-0.2396122585089815,429
Star 443,19.91336687187071,0.03,-0.1986848045127344,430
Star 444,19.733640369224133,0.03,-0.21178776308763855,431
Star 445,20.04095486285539,0.03,-0.2020797765000049,432
Star 446,19.82675241720675,0.03,-0.13781314430341873,433
Star 447,19.822882773082064,0.03,-0.14249924705458866,434
Star 448,20.051014623562647,0.03,-0.23969979673425912,435
Star 449,19.66563070418979,0.03,-0.23699077830073575,436
Star 450,19.754495757416482,0.03,-0.26973470431117735,437
Star 451,20.02043695744036,0.03,-0.22961785758208147,438
Star 452,19.928818541458146,0.03,-0.20439133191104814,439
Star 453,19.8719710642978,0.03,-0.2651009658484434,440
Star 454,19.93976356427098,0.03,-0.22715334909315404,441
Star 455,19.941786007294823,0.03,-0.20883086436469322,442
Star 456,19.758026077690722,0.03,-0.15393675418593958,443
Star 457,19.782454361968778,0.03,-0.21642983111771882,444
Star 458,20.125348178266282,0.03,-0.23196629845217073,445
Star 459,20.39761427078389,0.03,-0.2826900719576542,446
Star 460,19.90716146289589,0.03,-0.21067961258004006,447
Star 461,19.848612598537734,0.03,-0.22235223955545735,448
Star 462,19.963588582348432,0.03,-0.22121856586354754,449
Star 463,19.897573233492796,0.03,-0.19728055807133255,450
Star 464,19.699150470856893,0.03,-0.2317243832764012,451
Star 465,20.047771256160175,0.03,-0.2422058882053552,452
Star 466,20.253714557456853,0.03,-0.23216991164781464,453
Star 467,19.969246182755786,0.03,-0.25429424186975724,454
Star 468,19.97260725451256,0.03,-0.25616430514276844,455
Star 469,20.201275115851843,0.03,-0.21063950628591502,456
Star 470,19.912726255639292,0.03,-0.27252618340516566,457
Star 471,19.787775084934903,0.03,-0.1990280031534597,458
Star 472,19.83384537301161,0.03,-0.1730842410720935,459
Star 473,19.832917110965358,0.03,-0.20817252697547078,460
Star 474,19.98324027909707,0.03,-0.2072437843496438,461
Star 475,20.05343065221584,0.03,-0.24193229337524816,462
Star 476,19.8604910897268,0.03,-0.2398873182209284,463
Star 477,20.24297465411723,0.03,-0.228336184794065,464
Star 478,20.23965555914648,0.03,-0.28405832220759963,465
Star 479,20.083523424172043,0.03,-0.1719455735726546,466
Star 480,20.14844494688593,0.03,-0.27752899394878494,467
Star 481,20.07376950055885,0.03,-0.26122736666972746,468
Star 482,19.917779221168068,0.03,-0.19730835386193418,469
Star 483,19.912279915830098,0.03,-0.23644908405221024,470
Star 484,20.008265793219078,0.03,-0.2266514502288033,471
Star 485,20.047953942150585,0.03,-0.21457895350405196,472
Star 486,19.721177366580477,0.03,-0.20289680873147614,473
Star 487,20.164575178186997,0.03,-0.24819403766221387,474
Star 488,20.318256124394495,0.03,-0.23512426423487168,475
Star 489,19.872163458250856,0.03,-0.16266918488793297,476
Star 490,19.879281535307125,0.03,-0.19634217196914597,477
Star 491,20.12127497764812,0.03,-0.25374980849710654,478
Star 492,19.958489065649946,0.03,-0.17788294014913397,479
Star 493,19.980207303605557,0.03,-0.21778688338815957,480
Star 494,19.87663666417132,0.03,-0.14991153889318273,481
Star 495,20.22178990895186,0.03,-0.26067945162300654,482
Star 497,19.903319576591326,0.03,-0.19452821675746393,483
Star 498,19.959334266008437,0.03,-0.23044892146513285,484
Star 499,20.226479372333635,0.03,-0.2227944812859046,485
Star 500,19.900050604654275,0.03,-0.21193441391014042,486
Star 501,19.961372507239645,0.03,-0.21232080312872975,487
Star 502,20.12417374038278,0.03,-0.22021237466527052,488
Star 503,19.99055391313903,0.03,-0.18152918189326478,489
Star 504,20.108952874011788,0.03,-0.24498181320024412,490
Star 505,20.019990931772703,0.03,-0.22549033339971056,491
Star 506,20.188837881236,0.03,-0.25994012562218766,492
Star 507,20.01953420747814,0.03,-0.1959826304290844,493
Star 508,19.792237681082085,0.03,-0.19751487616479912,494
Star 509,20.007021840535717,0.03,-0.20581320581954693,495
Star 510,19.918933159473244,0.03,-0.267113036340722,496
Star 511,20.18727756079405,0.03,-0.25219745551457784,497
Star 512,19.83428462677166,0.03,-0.2205918212708015,498
Star 513,20.05215608750655,0.03,-0.2045269432098219,499
Star 514,19.95477976885312,0.03,-0.2350105196581316,500
Star 515,19.84230538568663,0.03,-0.1713900012255709,501
Star 516,19.897753172962176,0.03,-0.29442213300032777,502
Star 517,20.092181146926393,0.03,-0.23653726127328395,503
Star 518,20.112667462229695,0.03,-0.28511829264341537,504
Star 519,20.148017758955685,0.03,-0.22354785579185427,505
Star 520,20.00367111488254,0.03,-0.1712436357247111,506
Star 521,19.885203881088906,0.03,-0.2145392057922503,507
Star 522,19.86903439550326,0.03,-0.2136369198625584,508
Star 523,20.057267456612312,0.03,-0.24707692654732835,509
Star 524,19.84818062164161,0.03,-0.1818150296786281,510
Star 525,19.88847982740147,0.03,-0.19267878944239328,511
Star 526,20.05493556531924,0.03,-0.26936114833823,512
Star 527,20.076489281135242,0.03,-0.23304690174353765,513
Star 528,19.960720161850755,0.03,-0.2435464958249259,514
Star 529,19.815863149316485,0.03,-0.16281821827300602,515
Star 530,19.730231366055282,0.03,-0.14918840912086653,516
Star 531,19.97093012769086,0.03,-0.22613572238470153,517
Star 532,19.990657505975253,0.03,-0.22788670485687842,518
Star 533,19.81287674870315,0.03,-0.15468258563248585,519
Star 534,20.07227803246843,0.03,-0.21583576584197614,520
Star 535,20.12977673926572,0.03,-0.2405489790201044,521
Star 536,19.992923158948642,0.03,-0.24635083610126385,522
Star 537,19.674334782940637,0.03,-0.13965873593309533,523
Star 538,19.99729246063744,0.03,-0.20552915118514073,524
Star 539,20.416673975329687,0.03,-0.27430797867409074,525
Star 540,20.099561419758004,0.03,-0.24458633709172342,526
Star 541,20.441368441773086,0.03,-0.27016622927268025,527
Star 542,20.184149802524033,0.03,-0.25341070460765963,528
Star 543,20.08919735629854,0.03,-0.24928414988201075,529
Star 544,19.922127613076523,0.03,-0.21508211490325507,530
Star 545,19.73028008667659,0.03,-0.14130864382404515,531
Star 546,19.931666368025926,0.03,-0.1732884829602469,532
Star 547,20.122805154488205,0.03,-0.2460921628153351,533
Star 548,20.063943521346406,0.03,-0.22213113281407815,534
Star 549,20.120601401939915,0.03,-0.27332575694482125,535
Star 550,20.06687364471943,0.03,-0.2281047273874987,536
Star 551,19.989400307133323,0.03,-0.22585181046564012,537
Star 552,19.999408588874047,0.03,-0.2395624371690712,538
Star 553,19.797820335227318,0.03,-0.23893637199526316,539
Star 554,19.904897300635795,0.03,-0.1956922004040264,540
Star 555,20.18663203628484,0.03,-0.2422183204306241,541
Star 556,20.05463864850689,0.03,-0.24918612357472783,542
Star 557,20.10768828133735,0.03,-0.28817084596559156,543
Star 558,19.887715808730924,0.03,-0.2428270546534848,544
Star 559,20.00545939928636,0.03,-0.2614175217943596,545
Star 560,20.20092626475466,0.03,-0.2715860638356599,546
Star 561,20.071578983973975,0.03,-0.2120543644493844,547
Star 562,20.07582838279139,0.03,-0.2698630404271628,548
Star 563,20.092476590165866,0.03,-0.25146787513191954,549
Star 564,19.995078785686427,0.03,-0.21671996715514372,550
Star 565,20.09606642683457,0.03,-0.2919014004932621,551
Star 566,20.162147423155538,0.03,-0.24007475992889468,552
Star 567,19.965315013310043,0.03,-0.22662567881551426,553
Star 568,19.808722001633583,0.03,-0.1906117975417366,554
Star 569,20.250926942947885,0.03,-0.2558391305710718,555
Star 570,20.19486554654438,0.03,-0.2653603522363315,556
Star 571,20.039657011382317,0.03,-0.20471672741307817,557
Star 572,19.733084714395243,0.03,-0.20229755617923248,558
Star 573,20.089668247996567,0.03,-0.23886120882792278,559
Star 574,19.819450755360958,0.03,-0.22018641576994527,560
Star 575,19.804689721050895,0.03,-0.20273345797847508,561
Star 576,20.013657626671534,0.03,-0.2424047577366303,562
Star 577,20.0358179425126,0.03,-0.2294514542057024,563
Star 578,19.846240672185615,0.03,-0.20873683972165263,564
Star 579,19.92059535995913,0.03,-0.17376882304805388,565
Star 580,19.84962171999883,0.03,-0.1872809467380913,566
Star 581,19.770312534296878,0.03,-0.21949283824086271,567
Star 582,19.92824879261544,0.03,-0.25048099421817477,568
Star 583,20.063875754927267,0.03,-0.21970238280493795,569
Star 584,19.782514171034368,0.03,-0.24467287815892103,570
Star 585,19.886478028178907,0.03,-0.23454259124095567,571
Star 586,20.15349304457944,0.03,-0.2458456636808432,572
Star 587,20.240260039871274,0.03,-0.25818216006534894,573
Star 588,19.777061008025843,0.03,-0.2175760575268923,574
Star 590,20.17826134283685,0.03,-0.25321681224589565,575
Star 591,20.216172640058396,0.03,-0.24066158873589286,576
Star 592,20.355856480237694,0.03,-0.23886120882792278,577
Star 593,20.13877996769625,0.03,-0.2323861458141793,578
Star 594,19.888354357970833,0.03,-0.21583576584197614,579
Star 595,20.11510218037363,0.03,-0.233313461094274,580
Star 596,19.810826281821175,0.03,-0.22724378120448507,581
Star 597,19.84134980570375,0.03,-0.2195190364921932,582
Star 598,19.736779961703387,0.03,-0.18410914262652311,583
Star 599,19.937780311115738,0.03,-0.23015503478545604,584
Star 600,19.975950093450024,0.03,-0.2435093127186719,585
Star 601,19.925569348184972,0.03,-0.22761679287663583,586
Star 602,20.176995815164418,0.03,-0.2957539711931864,587
Star 603,19.124396140366287,0.03,-0.08271358031082736,588
Star 604,20.278484673655285,0.03,-0.250468796358522,589
Star 605,19.865922361978722,0.03,-0.21353103774221863,590
Star 606,20.179310837170906,0.03,-0.20527204786399172,591
Star 607,20.100181192952068,0.03,-0.254934588811392,592
Star 608,20.276546581653395,0.03,-0.26361240045305057,593
Star 609,19.95356296999357,0.03,-0.18861916716372448,594
Star 610,20.057783915194996,0.03,-0.18846442623932336,595
Star 611,20.1589338951601,0.03,-0.21579613278787196,596
Star 612,19.724420413468984,0.03,-0.2754035026426503,597
Star 614,20.067728893946946,0.03,-0.19646635488662526,598
Star 615,20.172561990557718,0.03,-0.24788738049600306,599
Star 616,19.841605715802046,0.03,-0.22730811673533938,600
Star 617,19.912455810266486,0.03,-0.1948336570002689,601
Star 618,20.328910878071284,0.03,-0.24288912218249284,602
Star 619,20.011616532446865,0.03,-0.17783911532907867,603
Star 620,20.32881916366652,0.03,-0.2862767861225342,604
Star 621,19.75399722633145,0.03,-0.1993437189543123,605
Star 622,19.888794407874794,0.03,-0.20071391311052406,606
Star 623,20.264924545692374,0.03,-0.2275267846795781,607
Star 624,19.82498769723089,0.03,-0.23034672241487103,608
Star 625,19.924909443694567,0.03,-0.2127068489366354,609
Star 626,19.893492233088896,0.03,-0.22371653651269208,610
Star 627,20.137144881315603,0.03,-0.28263344057632556,611
Star 628,20.04630369572642,0.03,-0.2317243832764012,612
Star 629,20.227639052817082,0.03,-0.24084865870441885,613
Star 630,19.990332009758955,0.03,-0.21698355908594827,614
Star 631,20.16972246462864,0.03,-0.20053607329162587,615
Star 632,19.772281803107436,0.03,-0.20682587632716992,616
Star 633,19.823401408793483,0.03,-0.24728570294259386,617
Star 634,19.956251706541078,0.03,-0.24327374431451396,618
Star 635,20.044813027911854,0.03,-0.2533380055484652,619
Star 636,20.051226419604728,0.03,-0.2292337530557788,620
Star 637,19.918551828598403,0.03,-0.2513705052265279,621
Star 639,20.02227648885718,0.03,-0.20299206822056254,622
Star 640,19.959607801484857,0.03,-0.24226804454552658,623
Star 641,19.983023975094532,0.03,-0.25424587543062316,624
Star 642,19.988410176478318,0.03,-0.24636315013501534,625
Star 643,20.028374335195032,0.03,-0.23794567632920208,626
Star 644,20.048582321607235,0.03,-0.28557981077866973,627
Star 645,20.026506586662485,0.03,-0.17677102734285183,628
Star 646,19.847587749292327,0.03,-0.22111417073083553,629
Star 647,19.9976165665177,0.03,-0.20625903552649164,630
Star 648,20.318966287600638,0.03,-0.2571146883392144,631
Star 649,20.28822102116355,0.03,-0.2594983142977554,632
Star 650,19.902310298173212,0.03,-0.1637873210799416,633
Star 651,19.740176995475863,0.03,-0.24776465668262834,634
Star 652,20.079332234058423,0.03,-0.22209188649386744,635
Star 653,20.104385278043445,0.03,-0.24406672802941154,636
Star 654,20.05665243717034,0.03,-0.18968678266363048,637
Star 655,20.137628291229863,0.03,-0.20872344851849828,638
Star 656,19.792965413521916,0.03,-0.2179704961922806,639
Star 657,19.673329978015474,0.03,-0.16393620915288878,640
Star 658,20.056395959312855,0.03,-0.21543927059712276,641
Star 660,19.83177552954421,0.03,-0.22685757043638363,642
Star 661,20.356819260591468,0.03,-0.2851971229372622,643
Star 662,20.421718108852794,0.03,-0.24028709525260258,644
Star 663,20.129972641286095,0.03,-0.224312881213346,645
Star 664,20.294311735404637,0.03,-0.23111262904054414,646
Star 665,20.165584621345573,0.03,-0.1947640239781661,647
Star 666,20.044433696966724,0.03,-0.22236525253778475,648
Star 667,19.787694765455704,0.03,-0.21245396089478716,649
Star 668,20.097849336977358,0.03,-0.23118914531993737,650
Star 669,20.284292222258607,0.03,-0.2611676708346483,651
Star 670,20.199053400148472,0.03,-0.24933290684276563,652
Star 671,19.791339110086387,0.03,-0.21333178089294852,653
Star 672,19.87756563825354,0.03,-0.1874361096917568,654
Star 673,19.78238840459112,0.03,-0.2311381356805463,655
Star 674,19.744837658054113,0.03,-0.18524447029468466,656
Star 675,20.06238524261188,0.03,-0.22136206755343815,657
Star 676,20.030587975605734,0.03,-0.23499787948017523,658
Star 677,19.949761832049322,0.03,-0.27763213141251775,659
Star 678,20.135729791020616,0.03,-0.25718641592278674,660
Star 679,20.013274110049103,0.03,-0.20958203043950924,661
Star 680,20.257307663170877,0.03,-0.29065776639141294,662
Star 681,19.894181774412697,0.03,-0.2071896283496027,663
Star 682,20.331702974970362,0.03,-0.25731851316430276,664
Star 683,20.43078245082994,0.03,-0.2459812552091907,665
Star 684,19.93244220908023,0.03,-0.19308302967609905,666
Star 685,20.00522776908104,0.03,-0.21452595546541922,667
Star 686,20.216288119615957,0.03,-0.25123658608475685,668
Star 687,19.975641063647974,0.03,-0.23615923054057694,669
Star 688,19.96682148913877,0.03,-0.2411478627646943,670
Star 689,19.7805281469072,0.03,-0.11710550286721887,671
Star 690,20.22238044688895,0.03,-0.2651009658484434,672
Star 691,20.382827459538923,0.03,-0.2628781546569067,673
Star 692,20.223480772958634,0.03,-0.24965054126710992,674
Star 693,19.660003388514756,0.03,-0.14877226767432367,675
Star 694,19.572643491256773,0.03,-0.23537692235845986,676
Star 695,20.2673481407392,0.03,-0.2671247748481855,677
Star 696,20.31437698502114,0.03,-0.24337294662228914,678
Star 697,19.802990844721197,0.03,-0.2534712781599062,679
Star 698,20.363003935484628,0.03,-0.2611200636434256,680
Star 699,20.162777275809898,0.03,-0.24088606996694897,681
Star 701,19.99436052443058,0.03,-0.27347584136287506,682
Star 702,19.843131571531337,0.03,-0.1936532251840183,683
Star 703,19.920827175342144,0.03,-0.21023813458025944,684
Star 704,19.913087286241936,0.03,-0.20016624602153493,685
Star 705,19.65718284557594,0.03,-0.2597610665309219,686
Star 706,19.916301230104615,0.03,-0.18777470970405546,687
Star 707,19.88514654903276,0.03,-0.1775653554550903,688
Star 708,20.395022362653165,0.03,-0.24620304209915295,689
Star 709,20.02643963698415,0.03,-0.29361664734489734,690
Star 710,20.113105429178095,0.03,-0.2350105196581316,691
Star 711,20.194957353430766,0.03,-0.24398006544263293,692
Star 712,20.167402855458832,0.03,-0.25005354293247156,693
Star 713,20.2029286500943,0.03,-0.24158383265389324,694
Star 714,20.163297295831487,0.03,-0.2919235758771531,695
Star 715,19.911529995305816,0.03,-0.20927372676768366,696
Star 716,19.91439276587983,0.03,-0.24021216461551942,697
Star 717,19.937813920502876,0.03,-0.2484759714139364,698
Star 718,20.155395191252943,0.03,-0.157335853063955,699
Star 719,20.050101972507875,0.03,-0.2074593219186321,700
Star 720,20.154094866299218,0.03,-0.2022702979073601,701
Star 721,20.14672204945299,0.03,-0.24468524006970366,702
Star 722,20.198536685277944,0.03,-0.2074593219186321,703
Star 723,19.915727540156176,0.03,-0.2462890460457806,704
Star 724,20.162709275218248,0.03,-0.2581581930975893,705
Star 725,20.329646018837497,0.03,-0.21090681369693484,706
Star 726,20.077046214827917,0.03,-0.20636706163075708,707
Star 727,19.699049224337102,0.03,-0.25202732942052547,708
Star 728,20.15087277777502,0.03,-0.2051366696962198,709
Star 729,20.09934895403628,0.03,-0.2205398784177377,710
Star 730,20.072656937377243,0.03,-0.2667959596312573,711
Star 731,20.176632204034636,0.03,-0.2792219296289891,712
Star 732,20.12851383713437,0.03,-0.21856202752178902,713
Star 733,19.891725938111694,0.03,-0.21182809227321656,714
Star 734,20.07077956472099,0.03,-0.19456983089018853,715
Star 735,20.20499841226577,0.03,-0.2344666637256493,716
Star 736,20.39438174394101,0.03,-0.278364848003694,717
Star 737,20.08015967010691,0.03,-0.20153367330375652,718
Star 738,20.114142010393476,0.03,-0.2071224975251923,719
Star 739,19.809139927068635,0.03,-0.22852867719432154,720
Star 740,20.4307454968986,0.03,-0.29518224676015525,721
Star 741,20.067784554984478,0.03,-0.26140562732568284,722
Star 742,20.160052056092507,0.03,-0.2246366386314965,723
Star 743,19.67789170743442,0.03,-0.18312742896653625,724
Star 744,19.992598783758808,0.03,-0.2450559251449871,725
Star 745,20.253189933509013,0.03,-0.24630157733151142,726
Star 746,19.79313939464418,0.03,-0.22886212824879273,727
Star 747,20.214290089372014,0.03,-0.22119246942543114,728
Star 748,20.039668921411387,0.03,-0.21797060738761395,729
Star 749,20.170987452217744,0.03,-0.2574385665201955,730
Star 750,19.885163498763877,0.03,-0.2740076682676439,731
Star 751,19.932213474832373,0.03,-0.24789928625531615,732
Star 752,20.48457385957098,0.03,-0.24235504907898076,733
Star 753,20.122448933140777,0.03,-0.2131988915890638,734
Star 754,20.2538611248289,0.03,-0.2334276503500631,735
Star 755,20.02497994882458,0.03,-0.20732462325361878,736
Star 756,19.85453839057178,0.03,-0.2116410620805043,737
Star 757,20.28567301997773,0.03,-0.2798379824688191,738
Star 758,20.077708192728785,0.03,-0.20561031021912196,739
Star 759,19.974706165363283,0.03,-0.24892913392440658,740
Star 760,20.26472001510586,0.03,-0.2540765503252178,741
Star 761,20.38991232650694,0.03,-0.2191521119367385,742
Star 762,20.077179443394254,0.03,-0.23712884875042695,743
Star 763,19.972116420169158,0.03,-0.1757147070610604,744
Star 764,20.07996908569062,0.03,-0.24810819547203478,745
Star 765,19.74443400032222,0.03,-0.2058266596641295,746
Star 766,20.223096504807724,0.03,-0.25090769957230485,747
Star 767,19.83482877179962,0.03,-0.258840519287217,748
Star 769,20.13923733846112,0.03,-0.23346570722184926,749
Star 770,19.66829272747305,0.03,-0.2039435149817123,750
Star 771,20.28488838181459,0.03,-0.23272907968126336,751
Star 772,19.965454717022098,0.03,-0.24168342094071876,752
Star 773,19.712052523163987,0.03,-0.19820331468861815,753
Star 774,20.130594660197158,0.03,-0.25362872997834424,754
Star 775,20.158542822489824,0.03,-0.23177532407949902,755
Star 776,19.853071437849042,0.03,-0.25273170236816445,756
Star 777,19.91079160927215,0.03,-0.22237818764166756,757
Star 778,19.742547871727034,0.03,-0.21459185665123262,758
Star 779,20.21129019147217,0.03,-0.2078900761800698,759
Star 780,20.07926894857755,0.03,-0.2436951969164791,760
Star 781,20.02687082685051,0.03,-0.23062771191679204,761
Star 782,19.972515249119468,0.03,-0.1997002372651908,762
Star 783,19.88201504941122,0.03,-0.20555620553240309,763
Star 784,19.941599278235376,0.03,-0.23705337180527025,764
Star 785,20.273332072268154,0.03,-0.25753489493788306,765
Star 786,19.99984839574912,0.03,-0.24139704168925402,766
Star 787,20.196037240883317,0.03,-0.2545964103019509,767
Star 788,19.80187779067604,0.03,-0.26106017657819536,768
Star 789,20.341195208345827,0.03,-0.2155846941338424,769
Star 790,19.848501672557862,0.03,-0.17423430520750502,770
Star 791,20.05256238778317,0.03,-0.22479195621212722,771
Star 792,20.285839296296178,0.03,-0.2577505511984116,772
Star 793,20.11309012499359,0.03,-0.2488311930989389,773
Star 794,20.24015769772908,0.03,-0.20842793868353088,774
Star 795,19.610249516821906,0.03,-0.22706323396316724,775
Star 796,19.93355173262562,0.03,-0.21299956859594324,776
Star 797,19.64865962404169,0.03,-0.25624856982344063,777
Star 798,20.06718289811281,0.03,-0.254112839745616,778
Star 799,19.79236316578034,0.03,-0.22560646516338037,779
Star 800,19.887525484191002,0.03,-0.22314535271052646,780
Star 801,20.306838358607298,0.03,-0.27088836439838765,781
Star 802,19.832213615278622,0.03,-0.20458117579845342,782
Star 803,19.86510803899787,0.03,-0.22728238401789513,783
Star 804,20.342071622161164,0.03,-0.22074859249358003,784
Star 805,20.064798124974164,0.03,-0.19712916774409875,785
Star 807,20.16937415602761,0.03,-0.23140586904033392,786
Star 808,20.292676744542607,0.03,-0.22367761623078797,787
Star 809,19.7201182906509,0.03,-0.2491004773707981,788
Star 810,19.87962011705609,0.03,-0.2220267737301508,789
Star 811,19.93734967898728,0.03,-0.23099804289369102,790
Star 812,19.938190931070466,0.03,-0.1813146837461795,791
Star 813,20.307658351644104,0.03,-0.2298737388626803,792
Star 814,20.086123920830993,0.03,-0.22951546343013923,793
Star 815,19.93528685736876,0.03,-0.23037227416734624,794
Star 816,20.061076222774936,0.03,-0.26064370710539153,795
Star 817,20.077138315629107,0.03,-0.22505069588398646,796
Star 818,20.347746841476816,0.03,-0.24706446875652205,797
Star 819,19.680782236701795,0.03,-0.17574368442714555,798
Star 820,20.524556747064796,0.03,-0.2499439697573921,799
Star 821,20.089253370612557,0.03,-0.229169702888708,800
Star 822,20.007849743128915,0.03,-0.2510660833840997,801
Star 823,19.55227584777372,0.03,-0.12105073540977106,802
Star 824,20.05160474315112,0.03,-0.23941210601077212,803
Star 825,20.06767920342662,0.03,-0.2534712781599062,804
Star 826,19.938446270587473,0.03,-0.2013700686170053,805
Star 827,19.749885657914152,0.03,-0.26069136579676516,806
Star 828,20.00689437844141,0.03,-0.24472232257265453,807
Star 829,20.013457908544964,0.03,-0.2572824905125384,808
Star 830,19.932265287719844,0.03,-0.2249472185501244,809
Star 831,19.973558866845657,0.03,-0.22715369640226457,810
Star 832,20.409193142882277,0.03,-0.2755647154068189,811
Star 833,19.768854838260303,0.03,-0.26704259428749105,812
Star 834,19.966620391709572,0.03,-0.20292402735811627,813
Star 836,20.171507381717465,0.03,-0.2107999106455142,814
Star 837,20.142597546845224,0.03,-0.18968678266363048,815
Star 838,20.037802603907434,0.03,-0.2856811396739007,816
Star 839,20.19478192611502,0.03,-0.21584897623601002,817
Star 840,19.898493020769365,0.03,-0.23798333940853428,818
Star 841,19.836000677490013,0.03,-0.2420442394755188,819
Star 842,20.20022775164372,0.03,-0.2831541768921687,820
Star 843,19.86920457358376,0.03,-0.22219604607936116,821
Star 844,20.146610532608964,0.03,-0.23173716697473556,822
Star 845,20.335862995480902,0.03,-0.2659610606600613,823
Star 846,20.197773646910917,0.03,-0.27338328286248464,824
Star 847,19.95795924350389,0.03,-0.19957713217078007,825
Star 848,19.982328006930512,0.03,-0.2393495386461936,826
Star 849,19.75882624485328,0.03,-0.13168302200517706,827
Star 850,19.938407323077215,0.03,-0.22672875680965263,828
Star 851,20.387315341981576,0.03,-0.23466902992904767,829
Star 852,20.226112095811995,0.03,-0.2276682173218225,830
Star 853,20.330764426893655,0.03,-0.2361715918622719,831
Star 854,19.921869464228205,0.03,-0.2067853321915762,832
Star 855,20.185454753400677,0.03,-0.24057420710454847,833
Star 856,20.00668935564155,0.03,-0.2175760575268923,834
Star 857,20.12673259752414,0.03,-0.25037120262409157,835
Star 858,20.29565532369148,0.03,-0.25239180334288874,836
Star 859,19.867613594592466,0.03,-0.22703784465431856,837
Star 860,20.118259864746896,0.03,-0.21875890468204545,838
Star 861,19.809676900321666,0.03,-0.23726718960414114,839
Star 862,20.10864830762746,0.03,-0.20053607329162587,840
Star 863,20.05845993400015,0.03,-0.21873231386728725,841
Star 864,19.882558030778963,0.03,-0.2242351438912432,842
Star 865,19.80136522231249,0.03,-0.2160998950970178,843
Star 866,20.143314039456275,0.03,-0.24189497153368142,844
Star 868,19.968377239505422,0.03,-0.26339933169012375,845
Star 869,19.844627404649728,0.03,-0.19258139063121246,846
Star 870,19.997899364658792,0.03,-0.2943449599145029,847
Star 871,19.834980407613894,0.03,-0.24889240843730134,848
Star 872,20.18980123405033,0.03,-0.19930255130976268,849
Star 873,20.01836370295338,0.03,-0.233262700711586,850
Star 874,19.7803522751789,0.03,-0.22301543329461923,851
Star 875,19.755075776053953,0.03,-0.20402497011207285,852
Star 876,20.01623618037975,0.03,-0.22345700063207286,853
Star 877,20.034867639182163,0.03,-0.20053587619176433,854
Star 878,19.75251627352425,0.03,-0.19860177873116033,855
Star 879,20.078703761763983,0.03,-0.2125869958250972,856
Star 880,19.941902755948412,0.03,-0.26205933623254307,857
Star 881,19.85416600912151,0.03,-0.20986338022606835,858
Star 882,19.999160210538676,0.03,-0.22706359218873812,859
Star 883,19.825170959638598,0.03,-0.20000161373302242,860
Star 884,20.071220179865676,0.03,-0.1810571463453427,861
Star 885,20.025322360531185,0.03,-0.19816221250332625,862
Star 886,20.141097346281086,0.03,-0.21290639284337162,863
Star 887,20.214797768990405,0.03,-0.2555860486735973,864
Star 888,20.026263729470923,0.03,-0.1997825941080465,865
Star 889,19.966836009790953,0.03,-0.23911180457934308,866
Star 890,19.88595718101284,0.03,-0.14858753467262123,867
Star 891,19.92093219900481,0.03,-0.2151085807916479,868
Star 892,19.952092061468093,0.03,-0.2617742019145215,869
Star 893,20.27717164038677,0.03,-0.24208191691877,870
Star 894,19.745830827698637,0.03,-0.2510539023698851,871
Star 895,20.171419629505895,0.03,-0.26814486516948516,872
Star 896,20.30381518630429,0.03,-0.23807120583211255,873
Star 897,20.150537654607607,0.03,-0.2483534143251183,874
Star 898,20.131197510924874,0.03,-0.2572824905125384,875
Star 899,19.912360641526185,0.03,-0.1956922004040264,876
Star 900,20.65150843941638,0.03,-0.27827332545815875,877
Star 901,19.636132959447714,0.03,-0.10913964381976306,878
Star 902,19.65508582635557,0.03,-0.2211402718586991,879
Star 903,20.505650263899184,0.03,-0.2745157637064932,880
Star 904,20.173939996915227,0.03,-0.2606079591983344,881
Star 905,20.242353167101584,0.03,-0.25616430514276844,882
Star 906,20.27622886274887,0.03,-0.23454259124095567,883
Star 907,20.18296617266093,0.03,-0.2949069110169036,884
Star 908,20.173095738129497,0.03,-0.22703784465431856,885
Star 909,19.87743751381634,0.03,-0.20924684906823723,886
Star 910,19.780565212151945,0.03,-0.2295920790167375,887
Star 911,20.293694411934982,0.03,-0.2563809534066109,888
Star 912,20.083783824480204,0.03,-0.2810333675995061,889
Star 913,19.957374324893955,0.03,-0.20543444670902825,890
Star 914,20.074022215983877,0.03,-0.2006863762602466,891
Star 915,20.049234018818876,0.03,-0.2855573090294885,892
Star 916,20.117680691915695,0.03,-0.19908299986977207,893
Star 917,20.53446339297392,0.03,-0.2655606804455971,894
Star 918,19.89484624714918,0.03,-0.2250118950096666,895
Star 919,20.009294712142793,0.03,-0.2421685898722578,896
Star 920,19.977603162912825,0.03,-0.17674231995602652,897
Star 921,19.99551051114412,0.03,-0.2032370047402146,898
Star 922,19.614423142914678,0.03,-0.13887080103494262,899
Star 923,20.17761841002089,0.03,-0.2374557643005683,900
Star 924,20.063794233596422,0.03,-0.20829352091880052,901
Star 925,20.335926172748703,0.03,-0.2695012690973173,902
Star 926,20.13698920081005,0.03,-0.2518449783019759,903
Star 927,20.389865594340495,0.03,-0.2822594830561871,904
Star 928,19.998216705161955,0.03,-0.2669486550568017,905
Star 929,19.975190548641816,0.03,-0.22893904213920266,906
Star 930,20.031526701974187,0.03,-0.21330520588258675,907
Star 931,19.87602842103242,0.03,-0.2155185986165577,908
Star 932,19.83738677777303,0.03,-0.24520383792310027,909
Star 933,19.75358215467449,0.03,-0.22174016206687988,910
Star 934,19.77131604226245,0.03,-0.2081321879554303,911
Star 935,20.399560241648075,0.03,-0.24140949696890399,912
Star 936,19.876511736413345,0.03,-0.2516503850202665,913
Star 937,19.862536840928193,0.03,-0.20706858121955876,914
Star 938,20.093919477309157,0.03,-0.2225343937276286,915
Star 939,19.989478323390703,0.03,-0.23274206295395297,916
Star 940,19.83272720956721,0.03,-0.22400184734406361,917
Star 941,20.173129511193455,0.03,-0.23779499359052328,918
Star 942,19.72976348942253,0.03,-0.19185605543626458,919
Star 943,20.104460279054724,0.03,-0.22209202264903058,920
Star 944,19.861902793799388,0.03,-0.17874660213879137,921
Star 945,19.958767361528263,0.03,-0.19599645900815083,922
Star 946,20.146827191407777,0.03,-0.26971136653773303,923
Star 947,20.017286428669223,0.03,-0.24203180237513217,924
Star 948,20.217646065422908,0.03,-0.25367716559117,925
Star 949,20.38351043545,0.03,-0.24737170817564683,926
Star 950,19.99979171201073,0.03,-0.21989873935626805,927
Star 951,20.294965258687846,0.03,-0.24479647876447305,928
Star 952,20.14547601028318,0.03,-0.2078766213442942,929
Star 953,19.863722189196864,0.03,-0.21080016749915972,930
Star 954,20.034167872929217,0.03,-0.242143722556897,931
Star 955,19.889213693953884,0.03,-0.1940562181768916,932
Star 956,20.293661086795083,0.03,-0.26884698302666543,933
Star 957,19.895174956662405,0.03,-0.24199448941987628,934
Star 958,19.79926994472062,0.03,-0.24955298848754104,935
Star 959,19.96399175177839,0.03,-0.2362474671441628,936
Star 960,20.172807011325535,0.03,-0.2482798629764826,937
Star 961,20.150750637775932,0.03,-0.24113539985231372,938
Star 962,20.30502155911098,0.03,-0.2512974636542915,939
Star 963,19.990879089780172,0.03,-0.21473790953241614,940
Star 964,19.997154076018088,0.03,-0.28663607850465567,941
Star 965,19.796158335296813,0.03,-0.20875030508125175,942
Star 966,19.97686717653683,0.03,-0.19693570240081323,943
Star 967,20.02350642796359,0.03,-0.21472498922838734,944
Star 968,19.93802653506995,0.03,-0.16229542876897882,945
Star 969,19.933943317051114,0.03,-0.22250837613834296,946
Star 970,20.187318259334067,0.03,-0.2552121820544353,947
Star 971,19.9373144832207,0.03,-0.21698355908594827,948
Star 972,19.912796334735212,0.03,-0.22734671353924146,949
Star 973,20.32234768943719,0.03,-0.2433109483232752,950
Star 974,19.736699920494438,0.03,-0.21435366613946732,951
Star 975,19.89894101626676,0.03,-0.1797240959432643,952
Star 976,19.814497762388754,0.03,-0.21125406755793974,953
Star 977,19.97293578912738,0.03,-0.2413098450502063,954
Star 978,19.860715432430425,0.03,-0.16033344311756664,955
Star 979,20.14999837729792,0.03,-0.2156507797318798,956
Star 980,19.92538811581187,0.03,-0.24211885363170121,957
Star 981,20.68215322161312,0.03,-0.29835083795558687,958
Star 982,20.125434189262577,0.03,-0.28533222746061226,959
Star 983,19.9820584001008,0.03,-0.21225420910837037,960
Star 984,19.971610196433858,0.03,-0.25718641592278674,961
Star 985,19.89532974060739,0.03,-0.22025195703540995,962
Star 986,20.002469514458664,0.03,-0.20371264083809992,963
Star 987,20.045745887018747,0.03,-0.24641240286836188,964
Star 988,20.22726004614617,0.03,-0.24164608790330316,965
Star 989,20.16070975290928,0.03,-0.21719431800980518,966
Star 990,19.936751100715,0.03,-0.1642339882816139,967
Star 991,20.278981532630603,0.03,-0.22998883629535224,968
Star 992,20.00684444667865,0.03,-0.18798556037915187,969
Star 993,20.06260459602347,0.03,-0.24696610618359982,970
Star 994,20.12740670098983,0.03,-0.2125869958250972,971
Star 995,19.985838046330386,0.03,-0.23398547868436267,972
Star 996,20.08045116403902,0.03,-0.21422108970507744,973
Star 997,19.941454524272626,0.03,-0.24908824038466845,974
Star 998,19.807411546333086,0.03,-0.21306596207140707,975
Star 999,20.216428614250304,0.03,-0.2487944589493396,976
Star 1000,20.06312992061593,0.03,-0.27254937114235,977
Star 1001,19.93396746453868,0.03,-0.2622730640136712,978
Star 1002,20.34353201149443,0.03,-0.27763213141251775,979
Star 1003,20.24460638174767,0.03,-0.2205788490484599,980
Star 1004,19.99753894369751,0.03,-0.25475345470293537,981
Star 1005,20.177038770770007,0.03,-0.26889375012005745,982
Star 1006,19.702948571074565,0.03,-0.16420419617171345,983
Star 1007,20.175595609047583,0.03,-0.21408817334205651,984
Star 1008,19.780394386889526,0.03,-0.2544272215730232,985
Star 1009,20.240214300168866,0.03,-0.22302842697120984,986
Star 1010,20.076874883984015,0.03,-0.24150912556066947,987
Star 1011,20.189626644353357,0.03,-0.2630913801087743,988
Star 1012,19.887878466117407,0.03,-0.2392744471013432,989
Star 1013,20.16395511622542,0.03,-0.2761974701488943,990
Star 1014,20.46713001357402,0.03,-0.282622112855045,991
Star 1015,20.22391778942375,0.03,-0.2716325375121815,992
Star 1016,20.040005207576222,0.03,-0.19997446270177635,993
Star 1017,19.754903296099265,0.03,-0.16082854325225188,994
Star 1018,19.99875667514489,0.03,-0.20656934891428017,995
Star 1019,20.513824978798656,0.03,-0.26995635160779574,996
Star 1021,20.205041363276315,0.03,-0.2566095195776309,997
Star 1022,19.629260858776114,0.03,-0.2144729503724162,998
Star 1023,19.93947077818109,0.03,-0.27464269495486415,999
Star 1024,20.198892898199137,0.03,-0.26591397620805496,1000
Star 1025,19.97026283592021,0.03,-0.2277067823155586,1001
Star 1026,20.3599601307662,0.03,-0.25301070739351655,1002
Star 1027,20.384643521678818,0.03,-0.2473594223158482,1003
Star 1028,19.708999876601485,0.03,-0.1968253447618874,1004
Star 1029,20.262955320985963,0.03,-0.21273345965350293,1005
Star 1030,20.111221280514854,0.03,-0.23412482386182712,1006
Star 1031,20.079262757536274,0.03,-0.2248954709043775,1007
Star 1032,20.41975030595265,0.03,-0.2948738746791867,1008
Star 1033,19.452513324921178,0.03,-0.2430380490120153,1009
Star 1034,19.98949126674107,0.03,-0.23138037774684433,1010
Star 1035,20.012913931808598,0.03,-0.1665781131768607,1011
Star 1036,20.271067257145702,0.03,-0.21279998046548607,1012
Star 1037,19.928083422976027,0.03,-0.23286910545485995,1013
Star 1038,20.031970688046016,0.03,-0.19763887942079042,1014
Star 1039,20.138684766336034,0.03,-0.21043902894250774,1015
Star 1040,19.86183163296132,0.03,-0.21762868504541105,1016
Star 1041,20.165471160465856,0.03,-0.2340108174099872,1017
Star 1042,19.976902497243334,0.03,-0.15682163549291142,1018
Star 1043,20.15190886651667,0.03,-0.24880670383409415,1019
Star 1044,20.226176020534897,0.03,-0.21483060734040182,1020
Star 1045,19.6667054771898,0.03,-0.20958203043950924,1021
Star 1046,20.529618003956042,0.03,-0.2703293971469682,1022
Star 1047,20.10941709021882,0.03,-0.25219745551457784,1023
Star 1048,20.055500965663775,0.03,-0.2427649777647344,1024
Star 1049,19.92571623428562,0.03,-0.20885765170177426,1025
Star 1050,20.02312844406125,0.03,-0.217825980672282,1026
Star 1051,19.99537616731006,0.03,-0.24425237391119445,1027
Star 1052,20.045511683670924,0.03,-0.22448126515909944,1028
Star 1053,19.80842536442852,0.03,-0.19402840163198642,1029
Star 1054,19.94003789299985,0.03,-0.2207355303951584,1030
Star 1055,20.23909494439936,0.03,-0.2729896906700642,1031
Star 1056,19.628559326275266,0.03,-0.22340507501514675,1032
Star 1057,19.595627579184363,0.03,-0.21760237192254328,1033
Star 1058,20.205173028511688,0.03,-0.2356799187365858,1034
Star 1059,19.68304771466132,0.03,-0.20938095246975252,1035
Star 1060,20.201336187388197,0.03,-0.26391998339417466,1036
Star 1061,20.01349668970471,0.03,-0.1996866279664135,1037
Star 1062,19.903615693668044,0.03,-0.21923076490142301,1038
Star 1063,20.122365663909566,0.03,-0.24321173204281565,1039
Star 1064,20.071445261437983,0.03,-0.2480591352515153,1040
Star 1065,20.481155117558313,0.03,-0.28626555355250527,1041
Star 1066,19.754464050726128,0.03,-0.28245216756874,1042
Star 1067,20.071298813099943,0.03,-0.21089345211129246,1043
Star 1068,20.50932035124055,0.03,-0.23798333940853428,1044
Star 1069,20.00570866196009,0.03,-0.19765257120457344,1045
Star 1070,20.081070721039012,0.03,-0.26403822566553214,1046
Star 1071,20.097819296333938,0.03,-0.23052555497060875,1047
Star 1072,20.081786954763327,0.03,-0.2348841023579219,1048
Star 1073,19.686992240681853,0.03,-0.25360451069318685,1049
Star 1074,20.027148025303166,0.03,-0.18531545812777783,1050
Star 1075,19.881501173499057,0.03,-0.21619214749454146,1051
Star 1076,20.087939875002398,0.03,-0.2464985808235958,1052
Star 1077,19.706241482581124,0.03,-0.19377833167583108,1053
Star 1078,19.99686913674701,0.03,-0.24982182532193625,1054
Star 1079,20.11750198126275,0.03,-0.22684469086882814,1055
Star 1080,20.36298194333961,0.03,-0.2649122246728424,1056
Star 1081,20.038613145112894,0.03,-0.22310638122542756,1057
Star 1082,20.16059532334061,0.03,-0.2668077072324699,1058
Star 1083,19.939716601179516,0.03,-0.20887113837061289,1059
Star 1084,20.01253612641893,0.03,-0.24440083356685097,1060
Star 1085,20.041167646242183,0.03,-0.230321169213313,1061
Star 1086,20.09727991380961,0.03,-0.22309333730684897,1062
Star 1087,20.35140828953891,0.03,-0.23825943246235898,1063
Star 1088,20.162299101937442,0.03,-0.2749771532367134,1064
Star 1089,19.97130916652758,0.03,-0.2195190364921932,1065
Star 1091,19.935007708045475,0.03,-0.25042000216123383,1066
Star 1092,20.047199739560376,0.03,-0.1907377840184432,1067
Star 1093,19.893562189148046,0.03,-0.20642122831559714,1068
Star 1094,19.73841112027598,0.03,-0.26687818666728497,1069
Star 1095,20.04708035468658,0.03,-0.228951860360702,1070
Star 1096,20.086807513939156,0.03,-0.24087360019633994,1071
Star 1097,20.263259050922887,0.03,-0.20378055749919635,1072
Star 1098,20.430447286574015,0.03,-0.258721069068153,1073
Star 1099,19.80260835374112,0.03,-0.19135292536810694,1074
Star 1100,19.99154663060745,0.03,-0.2904130620762029,1075
Star 1101,19.916999701759586,0.03,-0.2210619645105075,1076
Star 1102,20.509781054482552,0.03,-0.2870623522441341,1077
Star 1103,20.220448984952682,0.03,-0.2566335721822174,1078
Star 1104,20.248079479997678,0.03,-0.2245589591499115,1079
Star 1105,19.979664264398906,0.03,-0.23061494310773398,1080
Star 1106,20.066055272665682,0.03,-0.2041880853700795,1081
Star 1107,20.150757391942058,0.03,-0.2430132314200696,1082
Star 1108,19.898167001882094,0.03,-0.23327567319458342,1083
Star 1109,20.36201342788823,0.03,-0.2656784775569397,1084
Star 1110,19.797699366344307,0.03,-0.2431373046769624,1085
Star 1111,19.73103612536583,0.03,-0.1826997830364878,1086
Star 1112,19.89416535297216,0.03,-0.20447270348393226,1087
Star 1113,19.687643457940176,0.03,-0.24802233641930221,1088
Star 1114,20.216055832831593,0.03,-0.24150898696666057,1089
Star 1115,20.035912273963078,0.03,-0.2114142447350566,1090
Star 1116,20.22198684157544,0.03,-0.23964977682443822,1091
Star 1117,20.138975608754556,0.03,-0.2543546922828214,1092
Star 1118,20.14824275878796,0.03,-0.2501637417428416,1093
Star 1119,19.87636176998485,0.03,-0.22572250967924962,1094
Star 1120,20.29667659145135,0.03,-0.22209188649386744,1095
Star 1121,20.210106801815314,0.03,-0.23584395325955146,1096
Star 1122,20.208400972658715,0.03,-0.2714701006046978,1097
Star 1123,20.151727720217984,0.03,-0.22061782317645504,1098
Star 1124,19.91801626957639,0.03,-0.28017985663657424,1099
Star 1125,19.829940920044315,0.03,-0.21850924728131707,1100
Star 1126,19.964081136861772,0.03,-0.11965172229419299,1101
Star 1127,20.078852795623312,0.03,-0.22222240356503054,1102
Star 1128,20.368161757278727,0.03,-0.20854884165456697,1103
Star 1129,19.84249802724594,0.03,-0.25616430514276844,1104
Star 1130,19.594319541990913,0.03,-0.2111873098921063,1105
Star 1131,20.127198597726274,0.03,-0.22968184195981714,1106
Star 1132,19.755172064273108,0.03,-0.20421519044151248,1107
Star 1133,20.060287659933152,0.03,-0.22850301685191005,1108
Star 1134,20.07972046042628,0.03,-0.24449977894997327,1109
Star 1135,20.240227004616347,0.03,-0.1976936491460371,1110
Star 1136,20.371547445010293,0.03,-0.24585799170275702,1111
Star 1137,20.133492403061815,0.03,-0.22610992015535028,1112
Star 1138,20.26318761963196,0.03,-0.20856227591387944,1113
Star 1139,19.65142713120915,0.03,-0.19961806796329587,1114
Star 1140,20.022139910766015,0.03,-0.24511753541033246,1115
Star 1141,20.67592059767688,0.03,-0.29730081316607954,1116
Star 1142,20.15265543379251,0.03,-0.21740497435624462,1117
Star 1143,19.99682600422459,0.03,-0.2168913202067854,1118
Star 1144,20.173757417366,0.03,-0.2360961935714112,1119
Star 1145,19.812370587626965,0.03,-0.2257614361781905,1120
Star 1146,20.117453706556613,0.03,-0.21329191863233884,1121
Star 1147,20.012715705103442,0.03,-0.1958305703376949,1122
Star 1148,19.697980888508,0.03,-0.1989319172703102,1123
Star 1149,20.395947151541233,0.03,-0.2634823902783827,1124
Star 1150,19.827147470777074,0.03,-0.14574012342260362,1125
Star 1151,19.849290529223218,0.03,-0.22647101513842685,1126
Star 1152,20.0421473657774,0.03,-0.2561161466902112,1127
Star 1153,19.927404594373122,0.03,-0.2067449442409283,1128
Star 1154,20.11017836289061,0.03,-0.21150765499473398,1129
Star 1155,20.12289493255087,0.03,-0.2161791024091928,1130
Star 1156,20.259720485983234,0.03,-0.23365593972337328,1131
Star 1157,20.15637692394116,0.03,-0.20991695310453637,1132
Star 1158,20.07652187663887,0.03,-0.22094447650442667,1133
Star 1159,19.87742015014215,0.03,-0.2371540048990094,1134
Star 1160,20.012961974495443,0.03,-0.2214009334346748,1135
Star 1161,20.097373266054163,0.03,-0.193792204917001,1136
Star 1162,20.320380404787755,0.03,-0.2104121650414675,1137
Star 1163,20.276787969260297,0.03,-0.2499806058871198,1138
Star 1164,19.923097942511905,0.03,-0.22742389617704206,1139
Star 1165,19.98062395668436,0.03,-0.2072572587884331,1140
Star 1166,20.27525845131819,0.03,-0.2240925888396186,1141
Star 1167,19.830320340765084,0.03,-0.24895361545575254,1142
Star 1168,20.159136428445276,0.03,-0.280088716461069,1143
Star 1169,19.978643587842832,0.03,-0.21654880824791087,1144
Star 1170,19.82409213515732,0.03,-0.16709593140832535,1145
Star 1171,20.062819966368405,0.03,-0.2718532187707407,1146
Star 1172,20.02110663684245,0.03,-0.2301037510400036,1147
Star 1173,19.91395568035713,0.03,-0.2161791024091928,1148
Star 1174,20.3018596273357,0.03,-0.25931907348340427,1149
Star 1175,20.00171380047117,0.03,-0.225141218484773,1150
Star 1176,20.267473540105588,0.03,-0.25621245875164766,1151
Star 1177,20.10684521397987,0.03,-0.26079858036031117,1152
Star 1178,20.041211154403314,0.03,-0.2895999698647579,1153
Star 1179,20.245634004557964,0.03,-0.25937882824855,1154
Star 1180,19.80699134599604,0.03,-0.22656124233775568,1155
Star 1181,19.93273177289792,0.03,-0.2776435898078322,1156
Star 1182,19.86707201899064,0.03,-0.2513461597695953,1157
Star 1183,19.9902153064878,0.03,-0.20005668225825773,1158
Star 1184,19.991893509416656,0.03,-0.2576065866452876,1159
Star 1185,20.260570232958038,0.03,-0.23518744241717596,1160
Star 1186,19.995443366767923,0.03,-0.21114724990704045,1161
Star 1187,19.601688500256838,0.03,-0.25571863421446644,1162
Star 1188,20.023907541567542,0.03,-0.19380645452560677,1163
Star 1189,19.9396005947165,0.03,-0.24433898185078978,1164
Star 1190,20.02439680762994,0.03,-0.2232752332995263,1165
Star 1191,19.597458028381347,0.03,-0.19779019760503613,1166
Star 1192,20.023219499563314,0.03,-0.22581308112549173,1167
Star 1193,20.129795648028413,0.03,-0.2336686190021824,1168
Star 1194,19.98267167544653,0.03,-0.25048099421817477,1169
Star 1195,20.136072422642208,0.03,-0.2546809794268675,1170
Star 1196,20.095685031145187,0.03,-0.235237978144411,1171
Star 1197,20.11386341325377,0.03,-0.2452288031681686,1172
Star 1198,19.785274656726255,0.03,-0.16307171110897423,1173
Star 1199,19.865162053120834,0.03,-0.19534612783554225,1174
Star 1200,20.493798415731042,0.03,-0.29634703008929825,1175
Star 1201,20.025007596837604,0.03,-0.254934588811392,1176
Star 1202,19.985680485396564,0.03,-0.2659022046909711,1177
Star 1203,20.121883144424913,0.03,-0.22906720237660746,1178
Star 1204,19.9294064121554,0.03,-0.2771047272921936,1179
Star 1205,19.878952105831363,0.03,-0.2642630102260652,1180
Star 1206,20.14383503452146,0.03,-0.2646289578995422,1181
Star 1207,20.317792878609257,0.03,-0.23805865508083612,1182
Star 1208,19.69508482679223,0.03,-0.2031689227223749,1183
Star 1209,19.939793167203856,0.03,-0.20078212159297287,1184
Star 1210,20.32588357621656,0.03,-0.22188349166919688,1185
Star 1211,20.530006207328285,0.03,-0.26629050858492553,1186
Star 1212,20.439169950435662,0.03,-0.29383747709992664,1187
Star 1213,19.993318259518784,0.03,-0.21957142909599497,1188
Star 1214,19.976669301991844,0.03,-0.21133396083021538,1189
Star 1215,20.015530030408023,0.03,-0.24086112927133094,1190
Star 1216,20.32656839549235,0.03,-0.245931954177392,1191
Star 1217,20.081225694510824,0.03,-0.19744597179540133,1192
Star 1218,20.188521512351556,0.03,-0.2303339456261533,1193
Star 1219,20.2184704597427,0.03,-0.20485223712786038,1194
Star 1220,20.278255361990908,0.03,-0.2753343932830147,1195
Star 1221,20.312928759667127,0.03,-0.24072392963544642,1196
Star 1222,20.14158827251095,0.03,-0.22925937046654726,1197
Star 1223,20.12375400299407,0.03,-0.24445030877800503,1198
Star 1224,19.950129920850713,0.03,-0.247997802009157,1199
Star 1225,19.648335185044868,0.03,-0.26931443100847535,1200
Star 1226,19.649851576294036,0.03,-0.23325000949940797,1201
Star 1227,20.08220475249256,0.03,-0.2424668863803949,1202
Star 1228,19.94382051937001,0.03,-0.22563229737091223,1203
Star 1229,20.02956323810348,0.03,-0.22391074516951076,1204
Star 1230,19.667200902200864,0.03,-0.20589424632061123,1205
Star 1231,20.29407766629014,0.03,-0.2410606162695575,1206
Star 1232,19.97426676745424,0.03,-0.23704079121589605,1207
Star 1233,20.14834081542855,0.03,-0.20696072881717764,1208
Star 1234,20.147768589937083,0.03,-0.2527195678057057,1209
Star 1235,19.803354590628015,0.03,-0.2066776766139684,1210
Star 1236,20.367866081830222,0.03,-0.2437943029318875,1211
Star 1237,20.626569655418884,0.03,-0.2862206203010634,1212
Star 1238,19.936600827866172,0.03,-0.1894764812061126,1213
Star 1239,20.15242869738282,0.03,-0.24285188287971565,1214
Star 1240,20.240193310127534,0.03,-0.25979688460830846,1215
Star 1241,20.24802592133721,0.03,-0.2280922440210795,1216
Star 1242,19.90909249593193,0.03,-0.22217000891142025,1217
Star 1243,19.851894752238067,0.03,-0.2780443694778179,1218
Star 1244,19.97043656419445,0.03,-0.20876352784840735,1219
Star 1245,19.797290555932555,0.03,-0.22685757043638363,1220
Star 1246,20.453538357419383,0.03,-0.2741578489509878,1221
Star 1247,19.984034410589082,0.03,-0.2674533415527795,1222
Star 1248,19.970071348608528,0.03,-0.15113992316568822,1223
Star 1249,20.11405936371026,0.03,-0.2662199336478803,1224
Star 1250,20.309232061223696,0.03,-0.28237276220458274,1225
Star 1251,20.372809981234965,0.03,-0.23323731791503316,1226
Star 1252,20.018230917747,0.03,-0.2326147979082246,1227
Star 1253,19.920456956524223,0.03,-0.22765536210679266,1228
Star 1254,20.186170391342575,0.03,-0.2254255951432485,1229
Star 1255,20.073995521580848,0.03,-0.20570497634157683,1230
Star 1256,20.301864804212663,0.03,-0.24129738732931186,1231
Star 1257,19.718272907282525,0.03,-0.21596785073573793,1232
Star 1258,20.251507552113974,0.03,-0.2116944134814389,1233
Star 1259,20.035965086771757,0.03,-0.22827200239543347,1234
Star 1260,19.85128702026879,0.03,-0.1707895300794628,1235
Star 1261,19.801176430625727,0.03,-0.21756289985187555,1236
Star 1262,20.04465749632692,0.03,-0.21165440073037456,1237
Star 1263,19.974202286460777,0.03,-0.20248831716084983,1238
Star 1264,19.97994702193915,0.03,-0.1713021881186274,1239
Star 1265,19.63394184242391,0.03,-0.18467723811909403,1240
Star 1266,20.511577957378968,0.03,-0.234365405715488,1241
Star 1267,19.64611954497307,0.03,-0.17388524015581341,1242
Star 1268,20.1813370318485,0.03,-0.23759400069397418,1243
Star 1269,20.564891554640596,0.03,-0.275150048201561,1244
Star 1270,20.207215937187936,0.03,-0.2405866856635734,1245
Star 1271,20.077332217528348,0.03,-0.2222611335127115,1246
Star 1272,20.23104744705715,0.03,-0.20860257416460612,1247
Star 1273,19.806521367186054,0.03,-0.19274860403173213,1248
Star 1274,20.155559710764916,0.03,-0.2326912349843499,1249
Star 1275,19.792877730984877,0.03,-0.2502979919589884,1250
Star 1276,20.011299867121647,0.03,-0.2466093562665314,1251
Star 1277,19.99731103166657,0.03,-0.23892384590490515,1252
Star 1278,20.06881533033205,0.03,-0.2324242939750308,1253
Star 1279,20.09939819460807,0.03,-0.24164607805472024,1254
Star 1280,20.03789217713378,0.03,-0.21347784933851938,1255
Star 1281,20.09411390353907,0.03,-0.2723290432957333,1256
Star 1282,19.86448655547751,0.03,-0.20410641064428162,1257
Star 1283,19.91588568776548,0.03,-0.16879202011874925,1258
Star 1284,20.000087767591204,0.03,-0.2008915188554814,1259
Star 1285,19.86129266904655,0.03,-0.17241317793448924,1260
Star 1287,20.029077175631315,0.03,-0.20198398116774482,1261
Star 1288,20.10934106967257,0.03,-0.20369905586468467,1262
Star 1289,20.261160399566624,0.03,-0.26364790242057645,1263
Star 1290,19.826258621770585,0.03,-0.24535224502269787,1264
Star 1291,20.08239969877917,0.03,-0.19785923195649432,1265
Star 1292,20.2141726950694,0.03,-0.227385306442532,1266
Star 1293,20.166097355669397,0.03,-0.24884343670873815,1267
Star 1295,20.183986306854887,0.03,-0.22969463790300176,1268
Star 1296,19.996614237178886,0.03,-0.2144993286340884,1269
Star 1297,19.774808625695705,0.03,-0.23168617363549807,1270
Star 1298,19.85459608377871,0.03,-0.21353110307079717,1271
Star 1299,19.89452633774762,0.03,-0.17068699834844236,1272
Star 1300,19.913377575908516,0.03,-0.20562350396930046,1273
Star 1301,20.04376819496775,0.03,-0.22701209571634962,1274
Star 1302,20.11487639159147,0.03,-0.22089224951049652,1275
Star 1303,20.281564317926797,0.03,-0.23409949188545512,1276
Star 1304,20.38503697478248,0.03,-0.26948959461193245,1277
Star 1305,19.63884241126688,0.03,-0.18961662516276537,1278
Star 1306,20.056603630699698,0.03,-0.1800108119247685,1279
Star 1307,20.02805351953043,0.03,-0.2405367682890492,1280
Star 1308,19.95863972370301,0.03,-0.18984076697809057,1281
Star 1309,19.93507240227018,0.03,-0.24862299520717895,1282
Star 1310,20.00657273992335,0.03,-0.24133476005001323,1283
Star 1311,19.855478824396332,0.03,-0.25007828799250015,1284
Star 1312,19.81522257853067,0.03,-0.2109469658615645,1285
Star 1313,19.789614821732034,0.03,-0.21346462922369672,1286
Star 1314,19.857269566806224,0.03,-0.23754373792051575,1287
Star 1315,20.381144618552035,0.03,-0.25045659884145605,1288
Star 1316,19.631219960499894,0.03,-0.2239759177224102,1289
Star 1317,19.933706193512382,0.03,-0.21987256358442075,1290
Star 1318,20.13399965517396,0.03,-0.23323731791503316,1291
Star 1319,20.252358497695337,0.03,-0.26800430546132603,1292
Star 1320,19.74739143925092,0.03,-0.14795443082498305,1293
Star 1321,19.853309122503113,0.03,-0.25569453050358376,1294
Star 1322,19.87439274797689,0.03,-0.22882366648122232,1295
Star 1323,19.996983533994616,0.03,-0.12496045071710477,1296
Star 1324,20.061658754952447,0.03,-0.21349119411067122,1297
Star 1325,19.89646942505651,0.03,-0.26131046031446986,1298
Star 1326,20.2283299169203,0.03,-0.28446461013530044,1299
Star 1327,19.811724527669508,0.03,-0.23297071245566225,1300
Star 1329,20.19216957889398,0.03,-0.22938728428290223,1301
Star 1330,19.947717950172567,0.03,-0.23118914531993737,1302
Star 1331,20.01127190499146,0.03,-0.24891689252067062,1303
Star 1332,20.04656102889104,0.03,-0.14657741544577443,1304
Star 1333,20.48457801931583,0.03,-0.2916241124439864,1305
Star 1334,20.236548294964116,0.03,-0.2606675369845835,1306
Star 1335,19.64027841811287,0.03,-0.1868151244908838,1307
Star 1336,20.251383671646295,0.03,-0.2471628091109028,1308
Star 1337,19.94289326835591,0.03,-0.24674470969344076,1309
Star 1338,20.11684250780238,0.03,-0.25885270076368866,1310
Star 1339,19.977892168950735,0.03,-0.24672010325216323,1311
Star 1340,19.836794303699673,0.03,-0.1440290515413826,1312
Star 1341,20.05990666352552,0.03,-0.24467287815892103,1313
Star 1342,19.845014899190218,0.03,-0.18237184868794087,1314
Star 1343,20.36964334247947,0.03,-0.28732015719340176,1315
Star 1344,20.00993646475968,0.03,-0.26960633096750897,1316
Star 1345,19.844598314118826,0.03,-0.20232467706911456,1317
Star 1346,19.77409218040601,0.03,-0.2317880581773452,1318
Star 1347,20.07844503503269,0.03,-0.25511564846018875,1319
Star 1348,20.029113306398216,0.03,-0.20455406039651497,1320
Star 1349,20.101398845850547,0.03,-0.24608005315952555,1321
Star 1350,19.48824715683838,0.03,-0.1361654570182268,1322
Star 1351,20.104358371082796,0.03,-0.19459758492477947,1323
Star 1352,19.83567953687336,0.03,-0.2161130970983819,1324
Star 1353,19.94085896529981,0.03,-0.16632644188501708,1325
Star 1354,19.79313430212201,0.03,-0.17825732086538998,1326
Star 1355,20.41810854666961,0.03,-0.24553734290398657,1327
Star 1356,19.95997891980253,0.03,-0.20744585381309605,1328
Star 1357,20.021079346926637,0.03,-0.25497080704563513,1329
Star 1358,19.884834688620227,0.03,-0.23512426423487168,1330
Star 1359,19.997381666201736,0.03,-0.22401481164429812,1331
Star 1360,19.88829444267879,0.03,-0.22744962041690128,1332
Star 1361,19.126188687650487,0.03,-0.07613049446448558,1333
Star 1362,19.79227855073361,0.03,-0.24451214508570351,1334
Star 1363,20.17880096736212,0.03,-0.28308629014982917,1335
Star 1364,20.369070098725242,0.03,-0.25947441982530994,1336
Star 1365,20.126490559268888,0.03,-0.246042874447068,1337
Star 1366,20.660772161433492,0.03,-0.2642391649992856,1338
Star 1367,19.788437948808678,0.03,-0.18798578734979243,1339
Star 1368,20.155773895610253,0.03,-0.20535325502627805,1340
Star 1369,20.25070889602771,0.03,-0.2945213364553931,1341
Star 1370,19.837471642873066,0.03,-0.24368280759058322,1342
Star 1371,20.13177733639818,0.03,-0.26370706500072855,1343
Star 1372,20.209257181617446,0.03,-0.26261718193373873,1344
Star 1373,19.911942431344535,0.03,-0.1704961760899864,1345
Star 1374,19.88784624527616,0.03,-0.23526324448072683,1346
Star 1375,19.89509494315284,0.03,-0.2504322017427444,1347
Star 1376,19.860977397212142,0.03,-0.18144339564239362,1348
Star 1377,19.748928325507627,0.03,-0.19200959255291378,1349
Star 1378,19.86318623717675,0.03,-0.21133396083021538,1350
Star 1380,20.051714478549933,0.03,-0.1998100090380599,1351
Star 1381,19.892688874773068,0.03,-0.20989016865589494,1352
Star 1382,20.157809691140994,0.03,-0.24003727809700004,1353
Star 1383,20.02756979543182,0.03,-0.25424587543062316,1354
Star 1384,19.923260008097472,0.03,-0.225128288342465,1355
Star 1385,19.62242232980876,0.03,-0.09981870937966915,1356
Star 1386,19.896065725024695,0.03,-0.2061644894298186,1357
Star 1387,19.90205306228067,0.03,-0.21001068491985464,1358
Star 1388,19.82930543812847,0.03,-0.2259679790234144,1359
